id,song_popularity
0,0
1,0
2,0
3,1
4,1
5,1
6,1
7,0
8,1
9,0
10,1
11,0
12,1
13,1
14,1
15,0
16,0
17,1
18,1
19,1
20,0
21,0
22,1
23,1
24,0
25,1
26,1
27,1
28,0
29,0
30,0
31,1
32,0
33,0
34,1
35,0
36,1
37,1
38,1
39,0
40,1
41,0
42,0
43,1
44,0
45,1
46,0
47,1
48,0
49,1
50,0
51,1
52,0
53,1
54,1
55,0
56,1
57,1
58,0
59,1
60,1
61,1
62,0
63,0
64,0
65,1
66,0
67,1
68,1
69,1
70,0
71,1
72,0
73,1
74,0
75,1
76,1
77,0
78,0
79,1
80,0
81,0
82,1
83,0
84,0
85,1
86,1
87,0
88,1
89,1
90,1
91,0
92,1
93,0
94,0
95,1
96,0
97,0
98,0
99,1
100,1
101,1
102,0
103,0
104,1
105,1
106,1
107,0
108,0
109,1
110,1
111,1
112,1
113,0
114,0
115,1
116,0
117,1
118,1
119,0
120,0
121,1
122,0
123,0
124,1
125,0
126,0
127,0
128,0
129,0
130,1
131,1
132,1
133,1
134,0
135,1
136,1
137,0
138,0
139,1
140,1
141,1
142,1
143,1
144,1
145,1
146,0
147,1
148,1
149,1
150,0
151,0
152,0
153,1
154,1
155,1
156,0
157,0
158,0
159,1
160,0
161,1
162,0
163,0
164,0
165,1
166,1
167,1
168,1
169,1
170,1
171,1
172,1
173,0
174,0
175,0
176,0
177,1
178,1
179,1
180,1
181,1
182,0
183,1
184,0
185,0
186,1
187,0
188,1
189,0
190,0
191,0
192,0
193,1
194,0
195,0
196,1
197,0
198,0
199,0
200,0
201,1
202,0
203,1
204,1
205,1
206,0
207,1
208,0
209,1
210,0
211,1
212,0
213,1
214,0
215,0
216,1
217,1
218,1
219,0
220,1
221,1
222,1
223,0
224,1
225,1
226,1
227,1
228,0
229,0
230,0
231,0
232,1
233,0
234,0
235,1
236,0
237,0
238,1
239,1
240,0
241,1
242,1
243,0
244,1
245,0
246,1
247,1
248,0
249,0
250,1
251,1
252,0
253,1
254,1
255,0
256,0
257,1
258,1
259,0
260,1
261,0
262,1
263,0
264,1
265,1
266,0
267,0
268,0
269,0
270,0
271,1
272,1
273,1
274,1
275,1
276,0
277,0
278,0
279,1
280,1
281,0
282,0
283,1
284,1
285,0
286,1
287,1
288,1
289,1
290,1
291,0
292,1
293,0
294,1
295,1
296,1
297,0
298,1
299,0
300,0
301,1
302,1
303,1
304,1
305,0
306,1
307,0
308,0
309,0
310,1
311,0
312,1
313,0
314,0
315,1
316,0
317,0
318,0
319,0
320,1
321,0
322,1
323,1
324,1
325,0
326,1
327,1
328,1
329,0
330,0
331,0
332,0
333,1
334,1
335,0
336,1
337,1
338,1
339,1
340,1
341,1
342,1
343,0
344,1
345,0
346,1
347,0
348,0
349,0
350,1
351,0
352,0
353,0
354,1
355,0
356,1
357,1
358,1
359,1
360,0
361,1
362,0
363,1
364,1
365,1
366,0
367,1
368,1
369,1
370,1
371,1
372,0
373,1
374,0
375,0
376,1
377,0
378,1
379,0
380,1
381,0
382,0
383,1
384,1
385,1
386,0
387,1
388,1
389,1
390,1
391,0
392,1
393,0
394,1
395,0
396,0
397,1
398,1
399,0
400,1
401,0
402,0
403,1
404,1
405,1
406,0
407,1
408,0
409,1
410,1
411,0
412,0
413,0
414,1
415,1
416,0
417,0
418,1
419,0
420,1
421,0
422,0
423,0
424,1
425,0
426,1
427,0
428,0
429,1
430,1
431,1
432,1
433,0
434,1
435,1
436,1
437,0
438,0
439,0
440,1
441,1
442,0
443,1
444,1
445,1
446,0
447,1
448,1
449,0
450,0
451,0
452,1
453,1
454,0
455,1
456,1
457,1
458,0
459,1
460,0
461,1
462,1
463,0
464,1
465,0
466,1
467,0
468,0
469,0
470,0
471,0
472,1
473,0
474,0
475,0
476,0
477,1
478,1
479,1
480,1
481,0
482,0
483,1
484,0
485,0
486,0
487,0
488,0
489,1
490,1
491,0
492,1
493,0
494,1
495,0
496,0
497,1
498,1
499,1
500,1
501,0
502,0
503,0
504,1
505,1
506,0
507,1
508,0
509,1
510,1
511,1
512,0
513,1
514,0
515,0
516,1
517,0
518,1
519,1
520,0
521,0
522,1
523,0
524,1
525,0
526,1
527,1
528,1
529,0
530,1
531,1
532,1
533,1
534,0
535,0
536,1
537,1
538,0
539,0
540,1
541,1
542,0
543,1
544,1
545,1
546,0
547,0
548,1
549,1
550,1
551,1
552,1
553,1
554,0
555,1
556,1
557,0
558,1
559,1
560,0
561,0
562,1
563,0
564,0
565,1
566,0
567,0
568,0
569,0
570,0
571,0
572,1
573,1
574,1
575,0
576,1
577,0
578,1
579,1
580,1
581,1
582,1
583,0
584,1
585,1
586,1
587,1
588,1
589,1
590,0
591,0
592,0
593,1
594,1
595,1
596,0
597,0
598,0
599,0
600,0
601,1
602,1
603,1
604,1
605,0
606,1
607,0
608,0
609,1
610,1
611,1
612,0
613,1
614,0
615,0
616,1
617,1
618,1
619,1
620,0
621,1
622,1
623,1
624,0
625,0
626,0
627,0
628,1
629,1
630,0
631,0
632,0
633,1
634,0
635,1
636,0
637,0
638,0
639,1
640,1
641,1
642,0
643,1
644,1
645,1
646,0
647,0
648,1
649,1
650,0
651,1
652,0
653,1
654,0
655,0
656,1
657,1
658,0
659,1
660,0
661,1
662,1
663,1
664,0
665,0
666,0
667,1
668,0
669,1
670,0
671,1
672,0
673,0
674,1
675,0
676,0
677,1
678,1
679,0
680,0
681,1
682,1
683,1
684,0
685,1
686,0
687,0
688,0
689,1
690,1
691,1
692,1
693,0
694,0
695,0
696,1
697,1
698,1
699,1
700,0
701,0
702,1
703,1
704,0
705,1
706,1
707,0
708,1
709,1
710,1
711,1
712,1
713,1
714,0
715,1
716,1
717,0
718,1
719,0
720,1
721,0
722,0
723,1
724,0
725,1
726,0
727,0
728,0
729,0
730,1
731,0
732,1
733,0
734,0
735,0
736,1
737,1
738,1
739,0
740,1
741,1
742,1
743,0
744,0
745,1
746,1
747,1
748,1
749,1
750,1
751,0
752,1
753,0
754,0
755,1
756,1
757,0
758,0
759,0
760,1
761,1
762,1
763,1
764,1
765,0
766,1
767,1
768,1
769,0
770,0
771,1
772,0
773,1
774,0
775,1
776,0
777,0
778,1
779,0
780,1
781,1
782,1
783,1
784,0
785,1
786,0
787,0
788,1
789,1
790,1
791,1
792,1
793,1
794,0
795,1
796,0
797,1
798,0
799,0
800,1
801,0
802,0
803,1
804,1
805,0
806,1
807,1
808,1
809,1
810,1
811,1
812,1
813,1
814,0
815,0
816,1
817,0
818,1
819,0
820,1
821,1
822,0
823,1
824,1
825,0
826,1
827,0
828,1
829,0
830,0
831,0
832,0
833,0
834,1
835,0
836,0
837,0
838,1
839,1
840,0
841,0
842,0
843,0
844,0
845,0
846,0
847,0
848,0
849,1
850,0
851,1
852,1
853,0
854,1
855,0
856,1
857,1
858,0
859,0
860,1
861,0
862,0
863,0
864,1
865,1
866,1
867,1
868,1
869,0
870,1
871,1
872,1
873,1
874,0
875,1
876,1
877,0
878,1
879,0
880,0
881,0
882,0
883,1
884,0
885,1
886,0
887,1
888,0
889,1
890,1
891,1
892,0
893,1
894,0
895,0
896,1
897,1
898,0
899,1
900,0
901,0
902,0
903,1
904,0
905,0
906,1
907,1
908,0
909,0
910,0
911,1
912,0
913,1
914,0
915,0
916,0
917,0
918,0
919,1
920,0
921,0
922,0
923,0
924,1
925,1
926,1
927,1
928,0
929,1
930,0
931,0
932,0
933,1
934,1
935,0
936,0
937,1
938,1
939,1
940,1
941,0
942,1
943,0
944,1
945,0
946,0
947,0
948,0
949,1
950,1
951,1
952,0
953,0
954,0
955,1
956,0
957,1
958,0
959,1
960,1
961,1
962,1
963,0
964,0
965,1
966,1
967,0
968,1
969,1
970,0
971,1
972,0
973,1
974,0
975,0
976,1
977,0
978,1
979,0
980,1
981,1
982,1
983,1
984,1
985,0
986,0
987,0
988,1
989,1
990,1
991,0
992,1
993,1
994,1
995,1
996,1
997,0
998,1
999,1
1000,1
1001,1
1002,1
1003,0
1004,0
1005,1
1006,0
1007,1
1008,1
1009,1
1010,0
1011,0
1012,0
1013,0
1014,1
1015,0
1016,0
1017,1
1018,0
1019,1
1020,0
1021,1
1022,1
1023,1
1024,0
1025,0
1026,0
1027,1
1028,0
1029,0
1030,1
1031,1
1032,0
1033,0
1034,1
1035,0
1036,1
1037,0
1038,1
1039,0
1040,0
1041,1
1042,1
1043,0
1044,0
1045,0
1046,1
1047,1
1048,1
1049,1
1050,1
1051,0
1052,0
1053,1
1054,0
1055,1
1056,1
1057,1
1058,1
1059,0
1060,1
1061,0
1062,0
1063,1
1064,0
1065,1
1066,1
1067,1
1068,1
1069,1
1070,1
1071,1
1072,1
1073,0
1074,1
1075,0
1076,1
1077,1
1078,1
1079,0
1080,1
1081,0
1082,1
1083,1
1084,0
1085,0
1086,1
1087,1
1088,0
1089,1
1090,1
1091,0
1092,1
1093,0
1094,1
1095,0
1096,0
1097,1
1098,0
1099,1
1100,1
1101,1
1102,1
1103,1
1104,1
1105,1
1106,0
1107,0
1108,1
1109,0
1110,1
1111,0
1112,0
1113,1
1114,1
1115,1
1116,1
1117,0
1118,1
1119,0
1120,0
1121,0
1122,1
1123,0
1124,0
1125,0
1126,0
1127,1
1128,1
1129,0
1130,1
1131,0
1132,1
1133,1
1134,1
1135,1
1136,1
1137,1
1138,0
1139,0
1140,1
1141,1
1142,1
1143,0
1144,1
1145,1
1146,0
1147,0
1148,0
1149,1
1150,0
1151,1
1152,1
1153,1
1154,0
1155,0
1156,0
1157,0
1158,1
1159,1
1160,0
1161,0
1162,0
1163,1
1164,0
1165,1
1166,1
1167,1
1168,1
1169,1
1170,0
1171,1
1172,1
1173,1
1174,1
1175,1
1176,1
1177,1
1178,0
1179,1
1180,0
1181,1
1182,0
1183,1
1184,1
1185,1
1186,0
1187,1
1188,0
1189,1
1190,0
1191,0
1192,1
1193,1
1194,1
1195,0
1196,1
1197,1
1198,0
1199,0
1200,0
1201,1
1202,0
1203,0
1204,1
1205,1
1206,1
1207,1
1208,0
1209,1
1210,0
1211,1
1212,1
1213,0
1214,0
1215,0
1216,0
1217,1
1218,1
1219,1
1220,0
1221,1
1222,0
1223,0
1224,0
1225,1
1226,1
1227,1
1228,0
1229,1
1230,1
1231,0
1232,1
1233,0
1234,0
1235,0
1236,1
1237,1
1238,0
1239,1
1240,1
1241,1
1242,1
1243,1
1244,1
1245,1
1246,0
1247,0
1248,1
1249,0
1250,0
1251,0
1252,0
1253,1
1254,1
1255,0
1256,0
1257,1
1258,1
1259,1
1260,1
1261,1
1262,1
1263,1
1264,1
1265,1
1266,0
1267,0
1268,1
1269,1
1270,0
1271,1
1272,0
1273,0
1274,1
1275,1
1276,0
1277,1
1278,1
1279,1
1280,1
1281,1
1282,1
1283,1
1284,1
1285,0
1286,1
1287,0
1288,1
1289,0
1290,1
1291,0
1292,0
1293,0
1294,0
1295,0
1296,0
1297,0
1298,1
1299,1
1300,1
1301,1
1302,0
1303,1
1304,0
1305,0
1306,0
1307,0
1308,1
1309,1
1310,1
1311,1
1312,1
1313,1
1314,1
1315,0
1316,0
1317,1
1318,1
1319,0
1320,1
1321,1
1322,0
1323,1
1324,1
1325,0
1326,0
1327,1
1328,0
1329,1
1330,1
1331,1
1332,0
1333,1
1334,1
1335,0
1336,1
1337,0
1338,0
1339,0
1340,1
1341,0
1342,1
1343,1
1344,0
1345,0
1346,0
1347,1
1348,0
1349,1
1350,0
1351,1
1352,0
1353,0
1354,0
1355,0
1356,0
1357,1
1358,0
1359,0
1360,1
1361,1
1362,0
1363,0
1364,1
1365,1
1366,0
1367,1
1368,0
1369,1
1370,0
1371,1
1372,1
1373,1
1374,0
1375,1
1376,1
1377,0
1378,1
1379,1
1380,0
1381,0
1382,1
1383,1
1384,0
1385,1
1386,1
1387,0
1388,0
1389,1
1390,1
1391,0
1392,1
1393,0
1394,0
1395,1
1396,1
1397,1
1398,0
1399,0
1400,0
1401,1
1402,0
1403,0
1404,0
1405,0
1406,0
1407,0
1408,0
1409,1
1410,1
1411,1
1412,0
1413,1
1414,0
1415,0
1416,1
1417,0
1418,0
1419,1
1420,0
1421,1
1422,1
1423,1
1424,0
1425,0
1426,1
1427,0
1428,0
1429,0
1430,1
1431,0
1432,1
1433,0
1434,1
1435,1
1436,0
1437,0
1438,0
1439,0
1440,0
1441,1
1442,1
1443,1
1444,0
1445,1
1446,0
1447,1
1448,1
1449,0
1450,0
1451,0
1452,1
1453,1
1454,1
1455,1
1456,0
1457,1
1458,1
1459,0
1460,1
1461,1
1462,1
1463,1
1464,1
1465,0
1466,0
1467,1
1468,1
1469,1
1470,1
1471,1
1472,0
1473,1
1474,0
1475,1
1476,1
1477,0
1478,1
1479,0
1480,1
1481,1
1482,1
1483,0
1484,0
1485,0
1486,1
1487,1
1488,0
1489,0
1490,1
1491,0
1492,1
1493,0
1494,1
1495,1
1496,1
1497,0
1498,1
1499,0
1500,0
1501,0
1502,0
1503,0
1504,1
1505,0
1506,1
1507,0
1508,0
1509,0
1510,1
1511,0
1512,0
1513,1
1514,1
1515,1
1516,0
1517,0
1518,0
1519,1
1520,1
1521,0
1522,0
1523,1
1524,0
1525,1
1526,1
1527,1
1528,0
1529,1
1530,1
1531,0
1532,1
1533,0
1534,0
1535,0
1536,1
1537,1
1538,0
1539,1
1540,1
1541,1
1542,1
1543,0
1544,1
1545,1
1546,0
1547,0
1548,1
1549,0
1550,0
1551,1
1552,1
1553,0
1554,0
1555,1
1556,0
1557,0
1558,0
1559,1
1560,0
1561,1
1562,1
1563,1
1564,1
1565,1
1566,0
1567,0
1568,1
1569,1
1570,1
1571,1
1572,0
1573,0
1574,0
1575,1
1576,1
1577,0
1578,0
1579,0
1580,0
1581,1
1582,1
1583,0
1584,0
1585,1
1586,0
1587,1
1588,1
1589,0
1590,1
1591,1
1592,1
1593,0
1594,0
1595,1
1596,1
1597,0
1598,1
1599,0
1600,1
1601,1
1602,0
1603,0
1604,0
1605,1
1606,1
1607,0
1608,0
1609,1
1610,0
1611,1
1612,0
1613,1
1614,1
1615,0
1616,0
1617,1
1618,1
1619,1
1620,0
1621,1
1622,1
1623,0
1624,0
1625,0
1626,0
1627,1
1628,0
1629,1
1630,1
1631,0
1632,1
1633,0
1634,0
1635,1
1636,0
1637,0
1638,0
1639,1
1640,0
1641,0
1642,1
1643,1
1644,1
1645,1
1646,1
1647,0
1648,1
1649,0
1650,1
1651,0
1652,0
1653,1
1654,0
1655,0
1656,0
1657,0
1658,1
1659,1
1660,0
1661,0
1662,1
1663,1
1664,0
1665,0
1666,0
1667,0
1668,0
1669,0
1670,1
1671,1
1672,1
1673,0
1674,1
1675,1
1676,0
1677,0
1678,1
1679,0
1680,1
1681,1
1682,1
1683,0
1684,1
1685,0
1686,1
1687,1
1688,1
1689,0
1690,1
1691,0
1692,0
1693,1
1694,0
1695,1
1696,0
1697,0
1698,1
1699,0
1700,0
1701,1
1702,0
1703,0
1704,1
1705,1
1706,0
1707,0
1708,1
1709,0
1710,1
1711,1
1712,0
1713,1
1714,0
1715,0
1716,0
1717,1
1718,1
1719,1
1720,0
1721,1
1722,0
1723,0
1724,0
1725,1
1726,1
1727,1
1728,0
1729,1
1730,1
1731,0
1732,1
1733,0
1734,1
1735,0
1736,0
1737,1
1738,1
1739,1
1740,1
1741,0
1742,1
1743,0
1744,1
1745,0
1746,1
1747,1
1748,0
1749,1
1750,1
1751,0
1752,1
1753,1
1754,1
1755,0
1756,0
1757,0
1758,1
1759,1
1760,0
1761,1
1762,0
1763,1
1764,1
1765,0
1766,1
1767,0
1768,0
1769,0
1770,0
1771,0
1772,1
1773,0
1774,1
1775,0
1776,0
1777,0
1778,1
1779,0
1780,0
1781,1
1782,1
1783,0
1784,0
1785,0
1786,1
1787,1
1788,0
1789,1
1790,0
1791,1
1792,0
1793,1
1794,1
1795,0
1796,1
1797,0
1798,1
1799,1
1800,1
1801,1
1802,0
1803,1
1804,1
1805,0
1806,0
1807,1
1808,1
1809,1
1810,1
1811,0
1812,0
1813,1
1814,0
1815,1
1816,1
1817,1
1818,0
1819,0
1820,1
1821,0
1822,1
1823,0
1824,0
1825,1
1826,0
1827,1
1828,0
1829,0
1830,0
1831,1
1832,1
1833,0
1834,0
1835,0
1836,0
1837,0
1838,1
1839,1
1840,1
1841,1
1842,1
1843,0
1844,1
1845,1
1846,1
1847,1
1848,1
1849,0
1850,1
1851,1
1852,1
1853,1
1854,0
1855,1
1856,0
1857,1
1858,1
1859,1
1860,1
1861,0
1862,0
1863,0
1864,0
1865,1
1866,1
1867,0
1868,1
1869,0
1870,1
1871,1
1872,0
1873,0
1874,1
1875,1
1876,0
1877,1
1878,1
1879,0
1880,1
1881,1
1882,1
1883,0
1884,0
1885,0
1886,0
1887,1
1888,0
1889,0
1890,1
1891,0
1892,1
1893,0
1894,1
1895,1
1896,1
1897,0
1898,0
1899,1
1900,1
1901,0
1902,1
1903,1
1904,1
1905,0
1906,0
1907,1
1908,0
1909,1
1910,1
1911,1
1912,1
1913,1
1914,1
1915,0
1916,0
1917,1
1918,1
1919,1
1920,0
1921,0
1922,0
1923,1
1924,0
1925,0
1926,0
1927,1
1928,1
1929,0
1930,1
1931,0
1932,1
1933,1
1934,1
1935,1
1936,1
1937,1
1938,0
1939,1
1940,1
1941,0
1942,0
1943,0
1944,1
1945,1
1946,1
1947,0
1948,1
1949,0
1950,1
1951,1
1952,0
1953,1
1954,0
1955,0
1956,1
1957,0
1958,0
1959,1
1960,0
1961,1
1962,0
1963,0
1964,1
1965,1
1966,1
1967,1
1968,1
1969,1
1970,1
1971,1
1972,1
1973,0
1974,0
1975,1
1976,1
1977,1
1978,0
1979,1
1980,0
1981,0
1982,0
1983,0
1984,0
1985,1
1986,0
1987,1
1988,1
1989,0
1990,0
1991,0
1992,0
1993,1
1994,1
1995,0
1996,1
1997,0
1998,1
1999,1
2000,1
2001,1
2002,0
2003,1
2004,1
2005,1
2006,0
2007,1
2008,0
2009,0
2010,1
2011,0
2012,1
2013,0
2014,0
2015,0
2016,0
2017,0
2018,0
2019,0
2020,0
2021,0
2022,1
2023,1
2024,1
2025,1
2026,1
2027,0
2028,0
2029,1
2030,1
2031,0
2032,1
2033,0
2034,1
2035,1
2036,0
2037,1
2038,1
2039,0
2040,1
2041,0
2042,0
2043,0
2044,1
2045,1
2046,0
2047,0
2048,0
2049,0
2050,1
2051,1
2052,0
2053,1
2054,1
2055,0
2056,0
2057,1
2058,1
2059,0
2060,1
2061,1
2062,1
2063,1
2064,0
2065,0
2066,1
2067,0
2068,1
2069,0
2070,1
2071,0
2072,1
2073,0
2074,1
2075,1
2076,0
2077,0
2078,1
2079,1
2080,0
2081,1
2082,0
2083,0
2084,0
2085,1
2086,0
2087,1
2088,0
2089,0
2090,1
2091,0
2092,1
2093,1
2094,0
2095,0
2096,1
2097,0
2098,0
2099,0
2100,0
2101,1
2102,1
2103,1
2104,1
2105,1
2106,0
2107,1
2108,1
2109,1
2110,1
2111,1
2112,0
2113,1
2114,0
2115,0
2116,1
2117,1
2118,0
2119,0
2120,0
2121,1
2122,0
2123,0
2124,1
2125,0
2126,1
2127,1
2128,1
2129,0
2130,1
2131,1
2132,1
2133,1
2134,0
2135,1
2136,1
2137,1
2138,0
2139,0
2140,1
2141,1
2142,1
2143,0
2144,1
2145,1
2146,0
2147,0
2148,1
2149,1
2150,1
2151,1
2152,1
2153,1
2154,1
2155,1
2156,1
2157,1
2158,1
2159,1
2160,1
2161,0
2162,1
2163,0
2164,1
2165,0
2166,1
2167,1
2168,0
2169,1
2170,1
2171,1
2172,1
2173,0
2174,1
2175,1
2176,0
2177,1
2178,1
2179,0
2180,0
2181,1
2182,1
2183,0
2184,1
2185,0
2186,0
2187,1
2188,1
2189,1
2190,1
2191,0
2192,1
2193,1
2194,0
2195,1
2196,0
2197,0
2198,0
2199,1
2200,0
2201,1
2202,0
2203,1
2204,1
2205,1
2206,1
2207,1
2208,0
2209,0
2210,1
2211,1
2212,0
2213,1
2214,1
2215,0
2216,1
2217,0
2218,0
2219,1
2220,0
2221,0
2222,1
2223,1
2224,1
2225,1
2226,0
2227,1
2228,1
2229,0
2230,0
2231,1
2232,0
2233,1
2234,0
2235,0
2236,1
2237,0
2238,1
2239,1
2240,0
2241,0
2242,0
2243,1
2244,0
2245,1
2246,0
2247,1
2248,1
2249,1
2250,0
2251,1
2252,0
2253,0
2254,1
2255,1
2256,0
2257,1
2258,0
2259,0
2260,1
2261,1
2262,0
2263,0
2264,0
2265,0
2266,0
2267,1
2268,0
2269,0
2270,1
2271,1
2272,1
2273,0
2274,1
2275,0
2276,1
2277,1
2278,0
2279,1
2280,0
2281,0
2282,0
2283,0
2284,1
2285,1
2286,1
2287,1
2288,1
2289,1
2290,1
2291,1
2292,0
2293,0
2294,1
2295,0
2296,0
2297,0
2298,1
2299,1
2300,0
2301,1
2302,0
2303,0
2304,0
2305,1
2306,1
2307,1
2308,0
2309,1
2310,0
2311,0
2312,0
2313,1
2314,1
2315,1
2316,1
2317,0
2318,0
2319,0
2320,1
2321,1
2322,1
2323,1
2324,0
2325,1
2326,1
2327,0
2328,0
2329,0
2330,1
2331,0
2332,0
2333,1
2334,0
2335,0
2336,0
2337,0
2338,0
2339,0
2340,0
2341,1
2342,0
2343,0
2344,1
2345,0
2346,1
2347,0
2348,0
2349,1
2350,1
2351,0
2352,0
2353,1
2354,0
2355,0
2356,0
2357,1
2358,1
2359,0
2360,1
2361,1
2362,0
2363,0
2364,0
2365,1
2366,0
2367,0
2368,1
2369,0
2370,0
2371,1
2372,1
2373,0
2374,1
2375,1
2376,0
2377,1
2378,0
2379,1
2380,1
2381,1
2382,0
2383,1
2384,0
2385,0
2386,1
2387,0
2388,0
2389,1
2390,1
2391,1
2392,1
2393,0
2394,0
2395,0
2396,0
2397,1
2398,1
2399,1
2400,1
2401,0
2402,1
2403,1
2404,0
2405,1
2406,0
2407,1
2408,0
2409,0
2410,1
2411,0
2412,0
2413,0
2414,1
2415,0
2416,0
2417,1
2418,1
2419,1
2420,0
2421,1
2422,1
2423,1
2424,1
2425,0
2426,1
2427,0
2428,1
2429,0
2430,0
2431,1
2432,0
2433,1
2434,0
2435,0
2436,1
2437,0
2438,1
2439,0
2440,0
2441,1
2442,0
2443,1
2444,1
2445,0
2446,1
2447,0
2448,0
2449,1
2450,1
2451,0
2452,1
2453,0
2454,0
2455,0
2456,0
2457,0
2458,0
2459,0
2460,1
2461,1
2462,1
2463,0
2464,0
2465,0
2466,1
2467,0
2468,1
2469,0
2470,0
2471,0
2472,1
2473,0
2474,0
2475,0
2476,0
2477,0
2478,0
2479,0
2480,1
2481,1
2482,0
2483,1
2484,1
2485,0
2486,0
2487,1
2488,0
2489,0
2490,1
2491,0
2492,1
2493,1
2494,0
2495,1
2496,1
2497,1
2498,1
2499,0
2500,1
2501,0
2502,0
2503,0
2504,0
2505,1
2506,0
2507,1
2508,1
2509,0
2510,1
2511,1
2512,0
2513,0
2514,1
2515,1
2516,1
2517,1
2518,0
2519,1
2520,0
2521,1
2522,1
2523,1
2524,1
2525,1
2526,1
2527,1
2528,0
2529,0
2530,1
2531,0
2532,0
2533,0
2534,1
2535,0
2536,1
2537,0
2538,0
2539,1
2540,0
2541,1
2542,0
2543,1
2544,1
2545,0
2546,1
2547,0
2548,0
2549,1
2550,1
2551,0
2552,0
2553,1
2554,0
2555,1
2556,0
2557,0
2558,1
2559,0
2560,0
2561,1
2562,1
2563,1
2564,1
2565,0
2566,1
2567,1
2568,1
2569,0
2570,1
2571,1
2572,0
2573,1
2574,0
2575,1
2576,1
2577,1
2578,1
2579,0
2580,0
2581,1
2582,1
2583,1
2584,0
2585,1
2586,1
2587,1
2588,1
2589,1
2590,1
2591,1
2592,1
2593,1
2594,0
2595,0
2596,1
2597,1
2598,1
2599,0
2600,1
2601,1
2602,0
2603,0
2604,0
2605,0
2606,0
2607,1
2608,0
2609,0
2610,0
2611,0
2612,1
2613,0
2614,0
2615,0
2616,0
2617,1
2618,1
2619,1
2620,0
2621,1
2622,1
2623,0
2624,0
2625,0
2626,0
2627,0
2628,0
2629,0
2630,1
2631,0
2632,0
2633,0
2634,1
2635,1
2636,1
2637,1
2638,0
2639,1
2640,0
2641,0
2642,1
2643,0
2644,0
2645,0
2646,0
2647,1
2648,1
2649,1
2650,1
2651,0
2652,0
2653,0
2654,1
2655,1
2656,1
2657,0
2658,0
2659,1
2660,1
2661,0
2662,0
2663,1
2664,1
2665,1
2666,0
2667,1
2668,1
2669,1
2670,1
2671,1
2672,1
2673,0
2674,1
2675,1
2676,0
2677,1
2678,1
2679,1
2680,0
2681,0
2682,0
2683,1
2684,0
2685,1
2686,0
2687,1
2688,1
2689,0
2690,1
2691,0
2692,1
2693,1
2694,1
2695,0
2696,1
2697,0
2698,0
2699,0
2700,0
2701,0
2702,1
2703,0
2704,1
2705,1
2706,1
2707,0
2708,1
2709,0
2710,0
2711,1
2712,1
2713,0
2714,0
2715,0
2716,1
2717,0
2718,0
2719,0
2720,0
2721,1
2722,0
2723,0
2724,1
2725,0
2726,0
2727,0
2728,0
2729,1
2730,1
2731,0
2732,1
2733,1
2734,0
2735,1
2736,1
2737,1
2738,1
2739,0
2740,0
2741,1
2742,0
2743,1
2744,1
2745,1
2746,0
2747,1
2748,0
2749,1
2750,0
2751,1
2752,0
2753,0
2754,1
2755,1
2756,0
2757,1
2758,0
2759,0
2760,1
2761,1
2762,0
2763,1
2764,0
2765,0
2766,0
2767,0
2768,1
2769,1
2770,1
2771,1
2772,0
2773,0
2774,0
2775,1
2776,1
2777,1
2778,1
2779,0
2780,1
2781,1
2782,0
2783,1
2784,1
2785,0
2786,1
2787,0
2788,1
2789,0
2790,0
2791,1
2792,1
2793,1
2794,0
2795,1
2796,0
2797,0
2798,1
2799,0
2800,1
2801,0
2802,1
2803,1
2804,1
2805,0
2806,1
2807,1
2808,1
2809,1
2810,1
2811,1
2812,0
2813,0
2814,1
2815,1
2816,1
2817,0
2818,0
2819,0
2820,1
2821,1
2822,1
2823,1
2824,0
2825,0
2826,0
2827,1
2828,1
2829,1
2830,1
2831,1
2832,1
2833,1
2834,0
2835,1
2836,1
2837,1
2838,1
2839,0
2840,1
2841,1
2842,0
2843,0
2844,1
2845,1
2846,1
2847,1
2848,0
2849,1
2850,1
2851,1
2852,1
2853,0
2854,0
2855,0
2856,1
2857,0
2858,0
2859,1
2860,1
2861,0
2862,0
2863,0
2864,0
2865,0
2866,1
2867,1
2868,1
2869,0
2870,1
2871,1
2872,0
2873,0
2874,1
2875,1
2876,1
2877,0
2878,1
2879,1
2880,0
2881,0
2882,0
2883,1
2884,1
2885,1
2886,0
2887,0
2888,1
2889,1
2890,0
2891,0
2892,0
2893,1
2894,0
2895,1
2896,0
2897,1
2898,0
2899,1
2900,0
2901,0
2902,0
2903,1
2904,0
2905,1
2906,0
2907,0
2908,0
2909,1
2910,1
2911,0
2912,0
2913,0
2914,0
2915,1
2916,0
2917,1
2918,0
2919,0
2920,1
2921,0
2922,1
2923,1
2924,0
2925,1
2926,1
2927,1
2928,1
2929,0
2930,0
2931,1
2932,1
2933,1
2934,0
2935,1
2936,0
2937,1
2938,0
2939,1
2940,1
2941,0
2942,0
2943,0
2944,1
2945,1
2946,1
2947,0
2948,1
2949,0
2950,0
2951,1
2952,1
2953,0
2954,1
2955,0
2956,1
2957,0
2958,0
2959,1
2960,0
2961,1
2962,0
2963,1
2964,0
2965,0
2966,0
2967,0
2968,0
2969,1
2970,0
2971,0
2972,0
2973,0
2974,0
2975,0
2976,1
2977,0
2978,1
2979,1
2980,0
2981,1
2982,1
2983,1
2984,0
2985,1
2986,1
2987,0
2988,1
2989,1
2990,1
2991,0
2992,1
2993,1
2994,1
2995,1
2996,1
2997,0
2998,1
2999,1
3000,1
3001,0
3002,1
3003,0
3004,0
3005,1
3006,1
3007,1
3008,1
3009,1
3010,0
3011,1
3012,1
3013,0
3014,1
3015,0
3016,0
3017,1
3018,0
3019,0
3020,1
3021,1
3022,0
3023,1
3024,1
3025,1
3026,1
3027,0
3028,1
3029,1
3030,1
3031,1
3032,1
3033,0
3034,0
3035,0
3036,1
3037,0
3038,1
3039,1
3040,0
3041,0
3042,0
3043,1
3044,0
3045,1
3046,1
3047,0
3048,1
3049,0
3050,1
3051,1
3052,0
3053,0
3054,0
3055,1
3056,1
3057,1
3058,1
3059,0
3060,1
3061,0
3062,1
3063,0
3064,0
3065,0
3066,0
3067,0
3068,1
3069,1
3070,0
3071,1
3072,1
3073,0
3074,1
3075,0
3076,0
3077,1
3078,1
3079,1
3080,1
3081,0
3082,1
3083,1
3084,0
3085,1
3086,0
3087,1
3088,0
3089,1
3090,1
3091,0
3092,1
3093,0
3094,0
3095,0
3096,1
3097,1
3098,0
3099,1
3100,0
3101,1
3102,0
3103,0
3104,1
3105,0
3106,0
3107,0
3108,1
3109,1
3110,0
3111,0
3112,1
3113,0
3114,0
3115,0
3116,0
3117,1
3118,0
3119,1
3120,0
3121,1
3122,1
3123,1
3124,0
3125,1
3126,0
3127,0
3128,0
3129,1
3130,1
3131,0
3132,1
3133,1
3134,0
3135,0
3136,1
3137,1
3138,1
3139,0
3140,1
3141,0
3142,1
3143,1
3144,1
3145,0
3146,1
3147,1
3148,1
3149,1
3150,1
3151,0
3152,1
3153,1
3154,0
3155,1
3156,0
3157,1
3158,1
3159,1
3160,0
3161,0
3162,1
3163,0
3164,1
3165,0
3166,0
3167,1
3168,1
3169,0
3170,1
3171,1
3172,0
3173,0
3174,1
3175,1
3176,0
3177,1
3178,0
3179,1
3180,0
3181,0
3182,1
3183,1
3184,1
3185,0
3186,1
3187,0
3188,1
3189,1
3190,0
3191,0
3192,0
3193,1
3194,1
3195,0
3196,1
3197,0
3198,1
3199,1
3200,1
3201,0
3202,0
3203,1
3204,1
3205,1
3206,0
3207,1
3208,1
3209,1
3210,1
3211,0
3212,1
3213,0
3214,1
3215,0
3216,0
3217,0
3218,0
3219,1
3220,0
3221,1
3222,1
3223,0
3224,1
3225,1
3226,1
3227,1
3228,0
3229,0
3230,0
3231,1
3232,1
3233,0
3234,0
3235,0
3236,1
3237,1
3238,1
3239,0
3240,0
3241,1
3242,0
3243,1
3244,0
3245,0
3246,1
3247,1
3248,1
3249,0
3250,0
3251,1
3252,0
3253,0
3254,1
3255,0
3256,1
3257,0
3258,0
3259,0
3260,1
3261,1
3262,1
3263,1
3264,1
3265,1
3266,1
3267,0
3268,1
3269,1
3270,1
3271,1
3272,0
3273,0
3274,1
3275,0
3276,0
3277,1
3278,0
3279,1
3280,0
3281,1
3282,0
3283,0
3284,1
3285,0
3286,0
3287,1
3288,1
3289,1
3290,0
3291,0
3292,1
3293,0
3294,0
3295,0
3296,0
3297,0
3298,1
3299,0
3300,0
3301,1
3302,1
3303,1
3304,1
3305,1
3306,1
3307,1
3308,1
3309,0
3310,0
3311,0
3312,0
3313,1
3314,1
3315,0
3316,1
3317,1
3318,0
3319,1
3320,1
3321,0
3322,0
3323,1
3324,0
3325,0
3326,0
3327,1
3328,0
3329,1
3330,1
3331,1
3332,0
3333,1
3334,1
3335,1
3336,0
3337,1
3338,1
3339,1
3340,1
3341,1
3342,1
3343,0
3344,1
3345,0
3346,0
3347,0
3348,1
3349,1
3350,0
3351,0
3352,1
3353,1
3354,0
3355,0
3356,1
3357,0
3358,1
3359,1
3360,0
3361,0
3362,0
3363,1
3364,1
3365,1
3366,1
3367,1
3368,1
3369,1
3370,1
3371,1
3372,1
3373,1
3374,0
3375,1
3376,0
3377,0
3378,1
3379,0
3380,1
3381,0
3382,1
3383,0
3384,1
3385,1
3386,1
3387,0
3388,0
3389,1
3390,0
3391,0
3392,1
3393,1
3394,0
3395,1
3396,1
3397,1
3398,0
3399,1
3400,1
3401,1
3402,1
3403,1
3404,1
3405,0
3406,1
3407,0
3408,0
3409,0
3410,0
3411,0
3412,0
3413,1
3414,1
3415,1
3416,1
3417,0
3418,0
3419,0
3420,0
3421,1
3422,1
3423,0
3424,1
3425,1
3426,0
3427,0
3428,0
3429,0
3430,0
3431,1
3432,0
3433,1
3434,0
3435,1
3436,1
3437,1
3438,1
3439,1
3440,1
3441,1
3442,1
3443,1
3444,1
3445,1
3446,1
3447,1
3448,0
3449,0
3450,1
3451,0
3452,1
3453,1
3454,0
3455,1
3456,0
3457,1
3458,1
3459,0
3460,0
3461,1
3462,1
3463,1
3464,1
3465,1
3466,0
3467,1
3468,1
3469,0
3470,0
3471,0
3472,1
3473,1
3474,1
3475,0
3476,1
3477,0
3478,0
3479,1
3480,1
3481,1
3482,1
3483,1
3484,1
3485,0
3486,1
3487,1
3488,1
3489,1
3490,1
3491,1
3492,1
3493,1
3494,1
3495,1
3496,0
3497,1
3498,0
3499,0
3500,1
3501,0
3502,1
3503,1
3504,1
3505,0
3506,1
3507,1
3508,0
3509,0
3510,1
3511,0
3512,0
3513,1
3514,0
3515,1
3516,1
3517,1
3518,1
3519,1
3520,0
3521,0
3522,1
3523,1
3524,1
3525,0
3526,1
3527,1
3528,1
3529,1
3530,1
3531,1
3532,0
3533,0
3534,0
3535,0
3536,1
3537,0
3538,0
3539,1
3540,0
3541,0
3542,1
3543,1
3544,0
3545,1
3546,1
3547,1
3548,0
3549,1
3550,1
3551,1
3552,0
3553,1
3554,1
3555,1
3556,1
3557,0
3558,1
3559,0
3560,0
3561,0
3562,1
3563,0
3564,1
3565,1
3566,0
3567,0
3568,0
3569,0
3570,1
3571,0
3572,1
3573,1
3574,1
3575,0
3576,1
3577,1
3578,0
3579,1
3580,1
3581,1
3582,0
3583,0
3584,0
3585,1
3586,0
3587,1
3588,0
3589,0
3590,0
3591,1
3592,1
3593,1
3594,0
3595,1
3596,1
3597,0
3598,1
3599,1
3600,0
3601,1
3602,1
3603,0
3604,1
3605,0
3606,1
3607,0
3608,1
3609,0
3610,0
3611,0
3612,0
3613,1
3614,0
3615,0
3616,0
3617,0
3618,1
3619,1
3620,0
3621,1
3622,1
3623,1
3624,1
3625,1
3626,1
3627,1
3628,0
3629,1
3630,1
3631,1
3632,1
3633,1
3634,1
3635,1
3636,0
3637,1
3638,1
3639,1
3640,1
3641,0
3642,1
3643,1
3644,1
3645,1
3646,1
3647,1
3648,1
3649,0
3650,1
3651,1
3652,1
3653,1
3654,0
3655,1
3656,1
3657,1
3658,1
3659,0
3660,1
3661,1
3662,1
3663,1
3664,0
3665,0
3666,0
3667,0
3668,0
3669,1
3670,0
3671,0
3672,0
3673,0
3674,1
3675,1
3676,1
3677,1
3678,0
3679,1
3680,0
3681,1
3682,0
3683,1
3684,1
3685,1
3686,0
3687,0
3688,1
3689,1
3690,1
3691,1
3692,1
3693,0
3694,0
3695,0
3696,0
3697,1
3698,0
3699,1
3700,0
3701,0
3702,0
3703,0
3704,0
3705,0
3706,1
3707,1
3708,0
3709,0
3710,0
3711,0
3712,0
3713,0
3714,1
3715,1
3716,1
3717,1
3718,1
3719,1
3720,0
3721,1
3722,0
3723,1
3724,1
3725,0
3726,0
3727,1
3728,0
3729,0
3730,1
3731,0
3732,1
3733,0
3734,0
3735,0
3736,1
3737,1
3738,1
3739,0
3740,1
3741,1
3742,1
3743,1
3744,1
3745,1
3746,0
3747,1
3748,0
3749,1
3750,0
3751,1
3752,0
3753,1
3754,1
3755,1
3756,1
3757,1
3758,0
3759,1
3760,0
3761,0
3762,1
3763,0
3764,0
3765,0
3766,0
3767,0
3768,0
3769,0
3770,0
3771,0
3772,0
3773,1
3774,1
3775,0
3776,1
3777,1
3778,1
3779,1
3780,0
3781,1
3782,0
3783,1
3784,1
3785,0
3786,1
3787,0
3788,1
3789,1
3790,1
3791,1
3792,0
3793,0
3794,0
3795,1
3796,1
3797,1
3798,1
3799,1
3800,0
3801,1
3802,1
3803,1
3804,0
3805,0
3806,0
3807,1
3808,1
3809,0
3810,1
3811,1
3812,1
3813,0
3814,0
3815,0
3816,0
3817,0
3818,1
3819,1
3820,0
3821,0
3822,1
3823,0
3824,0
3825,0
3826,1
3827,0
3828,1
3829,1
3830,0
3831,0
3832,1
3833,1
3834,1
3835,1
3836,1
3837,1
3838,0
3839,0
3840,0
3841,1
3842,0
3843,0
3844,0
3845,1
3846,1
3847,1
3848,1
3849,1
3850,0
3851,1
3852,1
3853,0
3854,1
3855,1
3856,0
3857,0
3858,0
3859,0
3860,0
3861,0
3862,0
3863,1
3864,1
3865,0
3866,1
3867,1
3868,0
3869,1
3870,1
3871,1
3872,0
3873,0
3874,1
3875,0
3876,1
3877,1
3878,0
3879,0
3880,0
3881,0
3882,0
3883,1
3884,1
3885,0
3886,1
3887,1
3888,0
3889,1
3890,0
3891,1
3892,0
3893,1
3894,1
3895,0
3896,0
3897,1
3898,1
3899,1
3900,1
3901,0
3902,1
3903,0
3904,0
3905,1
3906,0
3907,0
3908,0
3909,0
3910,1
3911,0
3912,1
3913,1
3914,1
3915,1
3916,1
3917,1
3918,1
3919,0
3920,0
3921,0
3922,0
3923,0
3924,1
3925,1
3926,0
3927,0
3928,1
3929,0
3930,1
3931,0
3932,0
3933,0
3934,0
3935,0
3936,1
3937,1
3938,1
3939,1
3940,0
3941,1
3942,1
3943,0
3944,1
3945,0
3946,1
3947,0
3948,1
3949,0
3950,0
3951,0
3952,0
3953,1
3954,1
3955,1
3956,0
3957,0
3958,0
3959,0
3960,1
3961,0
3962,1
3963,1
3964,1
3965,0
3966,1
3967,0
3968,0
3969,0
3970,1
3971,0
3972,1
3973,1
3974,1
3975,1
3976,0
3977,1
3978,1
3979,1
3980,1
3981,0
3982,1
3983,1
3984,0
3985,1
3986,1
3987,0
3988,1
3989,1
3990,1
3991,1
3992,1
3993,0
3994,1
3995,0
3996,1
3997,1
3998,1
3999,0
4000,0
4001,1
4002,1
4003,0
4004,1
4005,1
4006,1
4007,0
4008,0
4009,1
4010,1
4011,1
4012,1
4013,1
4014,1
4015,1
4016,1
4017,1
4018,0
4019,1
4020,1
4021,0
4022,0
4023,1
4024,1
4025,0
4026,1
4027,1
4028,1
4029,1
4030,0
4031,0
4032,0
4033,1
4034,1
4035,1
4036,1
4037,1
4038,0
4039,0
4040,0
4041,0
4042,0
4043,0
4044,1
4045,1
4046,0
4047,0
4048,1
4049,1
4050,1
4051,0
4052,1
4053,1
4054,0
4055,0
4056,1
4057,0
4058,0
4059,0
4060,1
4061,1
4062,1
4063,0
4064,1
4065,1
4066,1
4067,0
4068,1
4069,1
4070,0
4071,0
4072,0
4073,1
4074,0
4075,1
4076,0
4077,0
4078,0
4079,0
4080,1
4081,1
4082,0
4083,0
4084,0
4085,0
4086,1
4087,1
4088,0
4089,1
4090,1
4091,0
4092,1
4093,0
4094,0
4095,0
4096,0
4097,1
4098,1
4099,1
4100,0
4101,1
4102,1
4103,0
4104,1
4105,0
4106,0
4107,1
4108,0
4109,1
4110,1
4111,0
4112,1
4113,1
4114,0
4115,1
4116,0
4117,0
4118,1
4119,1
4120,0
4121,0
4122,1
4123,1
4124,0
4125,0
4126,0
4127,1
4128,0
4129,1
4130,0
4131,1
4132,1
4133,0
4134,0
4135,0
4136,1
4137,1
4138,1
4139,1
4140,0
4141,1
4142,0
4143,1
4144,1
4145,0
4146,0
4147,1
4148,0
4149,1
4150,1
4151,0
4152,0
4153,0
4154,1
4155,1
4156,1
4157,1
4158,0
4159,1
4160,1
4161,1
4162,1
4163,0
4164,0
4165,0
4166,0
4167,0
4168,1
4169,0
4170,1
4171,0
4172,0
4173,1
4174,0
4175,1
4176,1
4177,1
4178,1
4179,0
4180,0
4181,0
4182,1
4183,0
4184,1
4185,0
4186,0
4187,1
4188,1
4189,0
4190,0
4191,1
4192,1
4193,0
4194,1
4195,1
4196,1
4197,1
4198,0
4199,1
4200,0
4201,0
4202,1
4203,1
4204,0
4205,0
4206,0
4207,0
4208,1
4209,1
4210,1
4211,1
4212,0
4213,1
4214,1
4215,0
4216,0
4217,1
4218,0
4219,1
4220,0
4221,1
4222,1
4223,0
4224,1
4225,1
4226,1
4227,0
4228,1
4229,1
4230,1
4231,0
4232,1
4233,0
4234,0
4235,1
4236,1
4237,1
4238,0
4239,1
4240,1
4241,1
4242,1
4243,1
4244,1
4245,0
4246,0
4247,1
4248,0
4249,1
4250,1
4251,0
4252,1
4253,1
4254,1
4255,0
4256,1
4257,1
4258,1
4259,0
4260,0
4261,0
4262,1
4263,1
4264,0
4265,1
4266,0
4267,1
4268,0
4269,0
4270,1
4271,1
4272,0
4273,1
4274,1
4275,0
4276,1
4277,1
4278,1
4279,0
4280,0
4281,1
4282,0
4283,1
4284,1
4285,1
4286,0
4287,0
4288,0
4289,1
4290,1
4291,1
4292,0
4293,1
4294,0
4295,0
4296,0
4297,1
4298,0
4299,0
4300,1
4301,1
4302,1
4303,1
4304,1
4305,0
4306,1
4307,1
4308,1
4309,0
4310,0
4311,1
4312,0
4313,1
4314,1
4315,0
4316,0
4317,1
4318,1
4319,1
4320,0
4321,0
4322,0
4323,0
4324,1
4325,0
4326,1
4327,0
4328,0
4329,1
4330,1
4331,1
4332,1
4333,1
4334,0
4335,0
4336,0
4337,1
4338,1
4339,1
4340,1
4341,0
4342,0
4343,0
4344,0
4345,0
4346,1
4347,1
4348,1
4349,1
4350,0
4351,1
4352,0
4353,1
4354,0
4355,0
4356,0
4357,0
4358,0
4359,1
4360,0
4361,1
4362,1
4363,0
4364,1
4365,1
4366,1
4367,1
4368,0
4369,1
4370,1
4371,1
4372,1
4373,1
4374,0
4375,1
4376,1
4377,0
4378,1
4379,0
4380,1
4381,0
4382,0
4383,1
4384,1
4385,0
4386,1
4387,0
4388,1
4389,1
4390,1
4391,0
4392,0
4393,1
4394,1
4395,0
4396,1
4397,1
4398,1
4399,1
4400,0
4401,1
4402,1
4403,0
4404,0
4405,1
4406,0
4407,0
4408,1
4409,1
4410,0
4411,0
4412,1
4413,1
4414,1
4415,1
4416,0
4417,1
4418,1
4419,1
4420,0
4421,0
4422,1
4423,1
4424,1
4425,1
4426,0
4427,1
4428,0
4429,0
4430,1
4431,0
4432,1
4433,1
4434,1
4435,1
4436,1
4437,0
4438,0
4439,0
4440,1
4441,1
4442,0
4443,1
4444,0
4445,1
4446,0
4447,0
4448,0
4449,1
4450,1
4451,1
4452,1
4453,0
4454,1
4455,1
4456,1
4457,0
4458,0
4459,0
4460,1
4461,1
4462,1
4463,0
4464,1
4465,1
4466,0
4467,0
4468,1
4469,0
4470,1
4471,1
4472,1
4473,0
4474,0
4475,0
4476,1
4477,1
4478,1
4479,0
4480,1
4481,1
4482,1
4483,1
4484,1
4485,1
4486,1
4487,1
4488,0
4489,1
4490,1
4491,0
4492,1
4493,1
4494,0
4495,1
4496,1
4497,0
4498,0
4499,0
4500,0
4501,1
4502,1
4503,1
4504,1
4505,1
4506,0
4507,1
4508,0
4509,0
4510,1
4511,1
4512,0
4513,0
4514,0
4515,0
4516,1
4517,0
4518,0
4519,1
4520,1
4521,1
4522,0
4523,1
4524,0
4525,1
4526,0
4527,1
4528,0
4529,1
4530,0
4531,1
4532,1
4533,0
4534,0
4535,1
4536,0
4537,0
4538,1
4539,1
4540,0
4541,0
4542,1
4543,1
4544,1
4545,1
4546,1
4547,1
4548,1
4549,0
4550,1
4551,0
4552,1
4553,0
4554,0
4555,0
4556,1
4557,1
4558,1
4559,0
4560,0
4561,0
4562,1
4563,0
4564,1
4565,0
4566,0
4567,1
4568,1
4569,0
4570,0
4571,0
4572,0
4573,0
4574,0
4575,0
4576,1
4577,1
4578,0
4579,0
4580,1
4581,1
4582,1
4583,1
4584,0
4585,1
4586,1
4587,0
4588,1
4589,1
4590,1
4591,0
4592,0
4593,1
4594,1
4595,0
4596,0
4597,0
4598,0
4599,0
4600,1
4601,1
4602,1
4603,1
4604,0
4605,1
4606,0
4607,1
4608,0
4609,1
4610,1
4611,1
4612,1
4613,0
4614,1
4615,1
4616,0
4617,1
4618,0
4619,1
4620,1
4621,1
4622,1
4623,1
4624,1
4625,1
4626,1
4627,1
4628,0
4629,0
4630,0
4631,1
4632,1
4633,1
4634,1
4635,1
4636,0
4637,1
4638,1
4639,0
4640,0
4641,1
4642,0
4643,1
4644,1
4645,0
4646,0
4647,0
4648,1
4649,1
4650,0
4651,0
4652,0
4653,1
4654,0
4655,0
4656,0
4657,1
4658,0
4659,0
4660,0
4661,0
4662,1
4663,1
4664,1
4665,1
4666,1
4667,1
4668,1
4669,0
4670,1
4671,1
4672,0
4673,1
4674,1
4675,1
4676,1
4677,1
4678,1
4679,1
4680,0
4681,1
4682,1
4683,1
4684,0
4685,0
4686,0
4687,1
4688,1
4689,0
4690,0
4691,0
4692,1
4693,1
4694,0
4695,0
4696,1
4697,1
4698,0
4699,1
4700,0
4701,0
4702,0
4703,1
4704,0
4705,0
4706,1
4707,0
4708,1
4709,1
4710,0
4711,0
4712,1
4713,1
4714,1
4715,0
4716,1
4717,0
4718,1
4719,1
4720,1
4721,0
4722,1
4723,1
4724,0
4725,1
4726,0
4727,0
4728,1
4729,1
4730,0
4731,1
4732,0
4733,1
4734,1
4735,1
4736,1
4737,0
4738,1
4739,1
4740,0
4741,0
4742,0
4743,0
4744,1
4745,0
4746,1
4747,0
4748,1
4749,0
4750,1
4751,1
4752,0
4753,1
4754,1
4755,0
4756,1
4757,1
4758,0
4759,1
4760,1
4761,0
4762,0
4763,0
4764,0
4765,1
4766,0
4767,0
4768,0
4769,1
4770,0
4771,1
4772,1
4773,0
4774,1
4775,1
4776,1
4777,1
4778,0
4779,1
4780,1
4781,0
4782,0
4783,1
4784,0
4785,1
4786,0
4787,0
4788,1
4789,0
4790,1
4791,0
4792,0
4793,0
4794,1
4795,0
4796,1
4797,0
4798,1
4799,0
4800,0
4801,0
4802,1
4803,0
4804,0
4805,1
4806,0
4807,1
4808,1
4809,0
4810,1
4811,0
4812,1
4813,1
4814,1
4815,0
4816,0
4817,1
4818,1
4819,0
4820,1
4821,1
4822,1
4823,0
4824,0
4825,1
4826,0
4827,1
4828,0
4829,1
4830,1
4831,0
4832,0
4833,0
4834,0
4835,0
4836,1
4837,1
4838,0
4839,1
4840,1
4841,1
4842,0
4843,1
4844,1
4845,0
4846,1
4847,1
4848,1
4849,1
4850,1
4851,0
4852,0
4853,1
4854,0
4855,0
4856,1
4857,0
4858,1
4859,0
4860,1
4861,0
4862,0
4863,1
4864,1
4865,0
4866,1
4867,1
4868,0
4869,0
4870,0
4871,1
4872,0
4873,0
4874,1
4875,1
4876,0
4877,1
4878,0
4879,1
4880,1
4881,1
4882,1
4883,0
4884,0
4885,1
4886,1
4887,0
4888,1
4889,0
4890,1
4891,1
4892,1
4893,0
4894,0
4895,1
4896,1
4897,0
4898,0
4899,1
4900,1
4901,1
4902,1
4903,1
4904,1
4905,1
4906,0
4907,1
4908,0
4909,0
4910,1
4911,0
4912,1
4913,0
4914,1
4915,1
4916,1
4917,1
4918,0
4919,1
4920,1
4921,1
4922,0
4923,0
4924,1
4925,0
4926,1
4927,0
4928,0
4929,1
4930,0
4931,0
4932,0
4933,0
4934,1
4935,0
4936,1
4937,1
4938,0
4939,1
4940,1
4941,1
4942,0
4943,0
4944,1
4945,1
4946,0
4947,1
4948,1
4949,0
4950,1
4951,1
4952,1
4953,1
4954,0
4955,1
4956,0
4957,1
4958,0
4959,1
4960,1
4961,1
4962,0
4963,1
4964,1
4965,0
4966,1
4967,1
4968,0
4969,0
4970,1
4971,1
4972,0
4973,0
4974,1
4975,1
4976,1
4977,0
4978,0
4979,0
4980,0
4981,1
4982,1
4983,1
4984,1
4985,0
4986,0
4987,0
4988,0
4989,1
4990,1
4991,0
4992,1
4993,0
4994,0
4995,1
4996,1
4997,1
4998,1
4999,1
5000,1
5001,1
5002,0
5003,1
5004,1
5005,1
5006,0
5007,0
5008,1
5009,1
5010,1
5011,0
5012,0
5013,0
5014,0
5015,1
5016,0
5017,1
5018,0
5019,0
5020,0
5021,1
5022,0
5023,0
5024,1
5025,0
5026,1
5027,1
5028,0
5029,1
5030,0
5031,0
5032,0
5033,1
5034,1
5035,1
5036,1
5037,1
5038,0
5039,1
5040,0
5041,1
5042,0
5043,1
5044,0
5045,0
5046,0
5047,1
5048,0
5049,0
5050,0
5051,0
5052,1
5053,1
5054,1
5055,0
5056,0
5057,0
5058,1
5059,1
5060,0
5061,0
5062,1
5063,1
5064,1
5065,0
5066,0
5067,1
5068,1
5069,0
5070,0
5071,0
5072,0
5073,0
5074,0
5075,0
5076,0
5077,1
5078,1
5079,1
5080,1
5081,1
5082,1
5083,1
5084,1
5085,0
5086,0
5087,1
5088,1
5089,0
5090,1
5091,1
5092,1
5093,1
5094,1
5095,0
5096,0
5097,0
5098,1
5099,1
5100,1
5101,0
5102,1
5103,0
5104,1
5105,1
5106,1
5107,1
5108,1
5109,1
5110,0
5111,1
5112,1
5113,1
5114,0
5115,1
5116,1
5117,0
5118,0
5119,1
5120,1
5121,1
5122,1
5123,1
5124,1
5125,0
5126,1
5127,1
5128,0
5129,1
5130,0
5131,1
5132,1
5133,1
5134,0
5135,1
5136,1
5137,0
5138,1
5139,0
5140,0
5141,0
5142,0
5143,1
5144,1
5145,0
5146,0
5147,0
5148,0
5149,1
5150,1
5151,0
5152,0
5153,1
5154,0
5155,1
5156,1
5157,0
5158,1
5159,0
5160,0
5161,1
5162,0
5163,1
5164,0
5165,0
5166,0
5167,0
5168,1
5169,1
5170,1
5171,1
5172,0
5173,1
5174,1
5175,1
5176,1
5177,0
5178,0
5179,1
5180,1
5181,0
5182,1
5183,0
5184,1
5185,1
5186,0
5187,1
5188,1
5189,1
5190,0
5191,0
5192,0
5193,1
5194,1
5195,0
5196,1
5197,0
5198,0
5199,0
5200,1
5201,1
5202,1
5203,1
5204,0
5205,0
5206,1
5207,0
5208,1
5209,0
5210,1
5211,0
5212,0
5213,0
5214,1
5215,0
5216,1
5217,1
5218,0
5219,0
5220,0
5221,0
5222,0
5223,1
5224,0
5225,1
5226,0
5227,0
5228,0
5229,1
5230,1
5231,1
5232,1
5233,1
5234,1
5235,1
5236,0
5237,1
5238,1
5239,0
5240,0
5241,0
5242,1
5243,0
5244,0
5245,0
5246,1
5247,1
5248,1
5249,0
5250,1
5251,0
5252,0
5253,1
5254,0
5255,0
5256,1
5257,0
5258,0
5259,0
5260,1
5261,0
5262,0
5263,1
5264,0
5265,0
5266,0
5267,1
5268,1
5269,0
5270,0
5271,0
5272,1
5273,0
5274,0
5275,0
5276,0
5277,1
5278,0
5279,1
5280,1
5281,1
5282,1
5283,1
5284,0
5285,0
5286,0
5287,0
5288,1
5289,0
5290,1
5291,1
5292,0
5293,1
5294,0
5295,1
5296,0
5297,0
5298,1
5299,1
5300,1
5301,1
5302,1
5303,0
5304,0
5305,1
5306,1
5307,0
5308,0
5309,0
5310,0
5311,1
5312,0
5313,0
5314,1
5315,0
5316,1
5317,1
5318,0
5319,0
5320,0
5321,1
5322,0
5323,1
5324,0
5325,0
5326,0
5327,1
5328,0
5329,0
5330,0
5331,0
5332,1
5333,0
5334,1
5335,0
5336,1
5337,1
5338,1
5339,0
5340,0
5341,0
5342,0
5343,0
5344,1
5345,1
5346,1
5347,1
5348,1
5349,1
5350,0
5351,0
5352,1
5353,1
5354,1
5355,0
5356,0
5357,1
5358,0
5359,0
5360,1
5361,0
5362,0
5363,1
5364,1
5365,1
5366,1
5367,0
5368,1
5369,1
5370,1
5371,1
5372,0
5373,1
5374,1
5375,1
5376,1
5377,1
5378,1
5379,1
5380,0
5381,1
5382,0
5383,0
5384,0
5385,1
5386,1
5387,1
5388,0
5389,1
5390,1
5391,0
5392,0
5393,0
5394,0
5395,0
5396,0
5397,0
5398,0
5399,1
5400,1
5401,0
5402,0
5403,1
5404,1
5405,1
5406,1
5407,1
5408,1
5409,1
5410,0
5411,1
5412,0
5413,0
5414,1
5415,1
5416,1
5417,1
5418,1
5419,0
5420,0
5421,1
5422,0
5423,0
5424,0
5425,1
5426,0
5427,1
5428,0
5429,1
5430,1
5431,0
5432,1
5433,0
5434,0
5435,0
5436,0
5437,0
5438,0
5439,1
5440,1
5441,1
5442,1
5443,1
5444,0
5445,1
5446,1
5447,1
5448,0
5449,1
5450,1
5451,0
5452,1
5453,0
5454,1
5455,1
5456,0
5457,0
5458,1
5459,0
5460,0
5461,1
5462,0
5463,0
5464,1
5465,1
5466,0
5467,1
5468,0
5469,0
5470,1
5471,1
5472,1
5473,0
5474,1
5475,0
5476,1
5477,0
5478,0
5479,1
5480,0
5481,1
5482,1
5483,0
5484,0
5485,0
5486,0
5487,0
5488,0
5489,1
5490,0
5491,1
5492,0
5493,0
5494,1
5495,0
5496,0
5497,1
5498,1
5499,1
5500,0
5501,0
5502,0
5503,1
5504,1
5505,0
5506,0
5507,1
5508,1
5509,0
5510,1
5511,0
5512,1
5513,1
5514,0
5515,1
5516,1
5517,1
5518,0
5519,1
5520,0
5521,0
5522,0
5523,1
5524,1
5525,1
5526,1
5527,0
5528,0
5529,0
5530,1
5531,1
5532,1
5533,1
5534,1
5535,1
5536,1
5537,1
5538,1
5539,1
5540,0
5541,1
5542,1
5543,0
5544,0
5545,0
5546,1
5547,0
5548,1
5549,1
5550,1
5551,1
5552,1
5553,1
5554,1
5555,1
5556,1
5557,1
5558,1
5559,0
5560,1
5561,0
5562,1
5563,0
5564,1
5565,1
5566,1
5567,1
5568,1
5569,0
5570,0
5571,1
5572,1
5573,0
5574,1
5575,1
5576,0
5577,1
5578,1
5579,0
5580,0
5581,1
5582,0
5583,0
5584,0
5585,1
5586,1
5587,1
5588,0
5589,0
5590,0
5591,1
5592,0
5593,1
5594,1
5595,0
5596,1
5597,1
5598,1
5599,1
5600,1
5601,1
5602,1
5603,0
5604,1
5605,0
5606,0
5607,1
5608,1
5609,0
5610,1
5611,1
5612,1
5613,0
5614,1
5615,1
5616,0
5617,0
5618,0
5619,1
5620,1
5621,1
5622,1
5623,1
5624,0
5625,0
5626,1
5627,1
5628,1
5629,0
5630,0
5631,0
5632,1
5633,0
5634,1
5635,0
5636,0
5637,0
5638,0
5639,1
5640,0
5641,1
5642,0
5643,1
5644,0
5645,1
5646,1
5647,0
5648,0
5649,0
5650,1
5651,1
5652,1
5653,1
5654,0
5655,1
5656,1
5657,0
5658,1
5659,0
5660,1
5661,1
5662,0
5663,0
5664,0
5665,0
5666,1
5667,1
5668,0
5669,1
5670,0
5671,1
5672,0
5673,0
5674,1
5675,1
5676,1
5677,0
5678,0
5679,0
5680,1
5681,1
5682,1
5683,0
5684,1
5685,1
5686,1
5687,1
5688,0
5689,1
5690,0
5691,1
5692,1
5693,1
5694,1
5695,1
5696,1
5697,1
5698,1
5699,0
5700,1
5701,1
5702,0
5703,0
5704,1
5705,1
5706,1
5707,1
5708,0
5709,0
5710,0
5711,1
5712,0
5713,0
5714,0
5715,1
5716,1
5717,1
5718,0
5719,1
5720,0
5721,1
5722,0
5723,1
5724,1
5725,1
5726,1
5727,0
5728,1
5729,1
5730,1
5731,0
5732,0
5733,1
5734,1
5735,0
5736,1
5737,0
5738,1
5739,1
5740,1
5741,0
5742,0
5743,0
5744,0
5745,1
5746,0
5747,1
5748,0
5749,1
5750,1
5751,1
5752,1
5753,1
5754,0
5755,0
5756,1
5757,0
5758,1
5759,0
5760,0
5761,0
5762,1
5763,0
5764,1
5765,0
5766,0
5767,1
5768,1
5769,0
5770,0
5771,1
5772,0
5773,1
5774,0
5775,0
5776,1
5777,1
5778,1
5779,1
5780,0
5781,0
5782,0
5783,1
5784,0
5785,0
5786,1
5787,0
5788,1
5789,0
5790,0
5791,0
5792,0
5793,0
5794,1
5795,1
5796,0
5797,0
5798,0
5799,0
5800,0
5801,0
5802,0
5803,0
5804,0
5805,0
5806,0
5807,0
5808,1
5809,1
5810,1
5811,1
5812,0
5813,0
5814,1
5815,0
5816,0
5817,0
5818,1
5819,0
5820,1
5821,0
5822,1
5823,1
5824,1
5825,1
5826,1
5827,0
5828,0
5829,1
5830,1
5831,1
5832,1
5833,0
5834,0
5835,1
5836,0
5837,0
5838,1
5839,1
5840,1
5841,1
5842,1
5843,0
5844,1
5845,1
5846,1
5847,1
5848,1
5849,1
5850,1
5851,0
5852,1
5853,1
5854,1
5855,1
5856,1
5857,1
5858,0
5859,1
5860,0
5861,0
5862,1
5863,1
5864,0
5865,0
5866,1
5867,0
5868,0
5869,0
5870,0
5871,0
5872,0
5873,0
5874,1
5875,0
5876,0
5877,0
5878,1
5879,1
5880,0
5881,0
5882,1
5883,1
5884,1
5885,1
5886,0
5887,0
5888,0
5889,0
5890,1
5891,1
5892,1
5893,1
5894,1
5895,1
5896,0
5897,0
5898,0
5899,1
5900,0
5901,1
5902,0
5903,0
5904,1
5905,0
5906,0
5907,1
5908,1
5909,0
5910,0
5911,1
5912,1
5913,0
5914,0
5915,0
5916,0
5917,0
5918,1
5919,1
5920,1
5921,0
5922,0
5923,1
5924,0
5925,0
5926,1
5927,1
5928,0
5929,1
5930,1
5931,0
5932,0
5933,0
5934,1
5935,1
5936,0
5937,1
5938,0
5939,0
5940,1
5941,1
5942,0
5943,1
5944,0
5945,1
5946,1
5947,0
5948,1
5949,0
5950,1
5951,1
5952,1
5953,1
5954,1
5955,1
5956,1
5957,1
5958,1
5959,0
5960,1
5961,0
5962,1
5963,0
5964,1
5965,0
5966,1
5967,1
5968,1
5969,0
5970,1
5971,0
5972,0
5973,1
5974,0
5975,1
5976,1
5977,0
5978,1
5979,0
5980,1
5981,1
5982,1
5983,1
5984,0
5985,0
5986,0
5987,0
5988,0
5989,0
5990,1
5991,1
5992,0
5993,0
5994,1
5995,1
5996,0
5997,0
5998,0
5999,0
6000,1
6001,1
6002,1
6003,0
6004,1
6005,0
6006,1
6007,1
6008,0
6009,0
6010,1
6011,0
6012,1
6013,1
6014,0
6015,1
6016,0
6017,0
6018,1
6019,0
6020,0
6021,0
6022,0
6023,1
6024,1
6025,0
6026,1
6027,0
6028,1
6029,0
6030,1
6031,1
6032,0
6033,0
6034,1
6035,1
6036,1
6037,0
6038,1
6039,0
6040,1
6041,1
6042,1
6043,1
6044,0
6045,0
6046,0
6047,0
6048,0
6049,1
6050,1
6051,1
6052,1
6053,0
6054,0
6055,1
6056,1
6057,1
6058,1
6059,1
6060,0
6061,1
6062,1
6063,1
6064,0
6065,0
6066,1
6067,1
6068,1
6069,1
6070,1
6071,1
6072,0
6073,0
6074,1
6075,0
6076,1
6077,0
6078,1
6079,1
6080,1
6081,1
6082,1
6083,0
6084,1
6085,1
6086,0
6087,1
6088,1
6089,1
6090,1
6091,0
6092,1
6093,1
6094,1
6095,0
6096,0
6097,1
6098,1
6099,1
6100,1
6101,1
6102,1
6103,1
6104,1
6105,0
6106,1
6107,1
6108,1
6109,1
6110,1
6111,0
6112,0
6113,0
6114,0
6115,0
6116,1
6117,1
6118,1
6119,0
6120,1
6121,1
6122,1
6123,1
6124,1
6125,1
6126,1
6127,0
6128,0
6129,0
6130,0
6131,0
6132,1
6133,1
6134,1
6135,0
6136,1
6137,0
6138,0
6139,0
6140,1
6141,1
6142,1
6143,1
6144,1
6145,0
6146,1
6147,1
6148,0
6149,0
6150,0
6151,1
6152,0
6153,1
6154,0
6155,1
6156,0
6157,0
6158,1
6159,1
6160,0
6161,0
6162,0
6163,1
6164,1
6165,1
6166,0
6167,0
6168,1
6169,0
6170,1
6171,0
6172,0
6173,0
6174,0
6175,1
6176,0
6177,1
6178,1
6179,1
6180,0
6181,1
6182,0
6183,1
6184,0
6185,1
6186,0
6187,1
6188,0
6189,0
6190,0
6191,0
6192,1
6193,1
6194,1
6195,1
6196,0
6197,1
6198,0
6199,1
6200,0
6201,0
6202,1
6203,1
6204,0
6205,1
6206,1
6207,0
6208,0
6209,1
6210,0
6211,1
6212,0
6213,1
6214,1
6215,0
6216,0
6217,1
6218,1
6219,1
6220,1
6221,1
6222,1
6223,0
6224,1
6225,0
6226,1
6227,1
6228,1
6229,1
6230,1
6231,1
6232,1
6233,0
6234,1
6235,1
6236,1
6237,0
6238,0
6239,1
6240,0
6241,0
6242,1
6243,1
6244,1
6245,1
6246,0
6247,0
6248,0
6249,1
6250,1
6251,0
6252,1
6253,0
6254,0
6255,0
6256,1
6257,1
6258,1
6259,0
6260,0
6261,0
6262,0
6263,0
6264,0
6265,0
6266,1
6267,0
6268,1
6269,1
6270,1
6271,1
6272,1
6273,1
6274,1
6275,0
6276,0
6277,1
6278,1
6279,0
6280,1
6281,0
6282,1
6283,1
6284,1
6285,1
6286,1
6287,1
6288,0
6289,1
6290,1
6291,0
6292,1
6293,1
6294,0
6295,1
6296,1
6297,1
6298,1
6299,1
6300,1
6301,1
6302,0
6303,0
6304,0
6305,0
6306,1
6307,0
6308,0
6309,1
6310,1
6311,1
6312,1
6313,0
6314,0
6315,1
6316,0
6317,0
6318,1
6319,1
6320,1
6321,1
6322,0
6323,1
6324,0
6325,0
6326,0
6327,1
6328,1
6329,1
6330,0
6331,0
6332,1
6333,1
6334,0
6335,0
6336,1
6337,1
6338,1
6339,0
6340,1
6341,1
6342,0
6343,0
6344,1
6345,1
6346,0
6347,1
6348,0
6349,1
6350,1
6351,0
6352,0
6353,1
6354,1
6355,1
6356,0
6357,1
6358,1
6359,0
6360,1
6361,1
6362,1
6363,0
6364,1
6365,0
6366,1
6367,0
6368,0
6369,1
6370,1
6371,1
6372,0
6373,0
6374,1
6375,1
6376,1
6377,1
6378,0
6379,0
6380,1
6381,1
6382,1
6383,0
6384,1
6385,0
6386,1
6387,1
6388,1
6389,1
6390,1
6391,1
6392,0
6393,1
6394,1
6395,0
6396,0
6397,1
6398,0
6399,1
6400,0
6401,1
6402,1
6403,1
6404,1
6405,1
6406,1
6407,1
6408,0
6409,0
6410,0
6411,1
6412,0
6413,1
6414,1
6415,0
6416,1
6417,1
6418,1
6419,1
6420,0
6421,1
6422,0
6423,0
6424,0
6425,0
6426,0
6427,0
6428,1
6429,1
6430,0
6431,1
6432,1
6433,1
6434,0
6435,1
6436,1
6437,1
6438,1
6439,0
6440,0
6441,0
6442,1
6443,1
6444,1
6445,0
6446,0
6447,1
6448,0
6449,1
6450,1
6451,0
6452,0
6453,0
6454,0
6455,1
6456,1
6457,0
6458,1
6459,1
6460,0
6461,1
6462,1
6463,0
6464,1
6465,1
6466,1
6467,0
6468,1
6469,1
6470,1
6471,1
6472,0
6473,1
6474,0
6475,1
6476,1
6477,1
6478,1
6479,1
6480,1
6481,0
6482,0
6483,0
6484,0
6485,1
6486,0
6487,1
6488,1
6489,1
6490,1
6491,1
6492,0
6493,0
6494,1
6495,0
6496,1
6497,1
6498,0
6499,1
6500,0
6501,0
6502,0
6503,0
6504,1
6505,1
6506,0
6507,0
6508,1
6509,1
6510,1
6511,0
6512,0
6513,1
6514,1
6515,0
6516,0
6517,1
6518,0
6519,1
6520,0
6521,1
6522,1
6523,1
6524,0
6525,1
6526,1
6527,0
6528,1
6529,1
6530,0
6531,1
6532,1
6533,0
6534,1
6535,1
6536,0
6537,0
6538,0
6539,0
6540,1
6541,1
6542,0
6543,1
6544,0
6545,0
6546,1
6547,0
6548,1
6549,1
6550,0
6551,1
6552,1
6553,1
6554,0
6555,0
6556,1
6557,1
6558,1
6559,1
6560,0
6561,0
6562,0
6563,1
6564,1
6565,1
6566,0
6567,1
6568,1
6569,1
6570,0
6571,0
6572,0
6573,0
6574,1
6575,1
6576,1
6577,1
6578,0
6579,1
6580,0
6581,1
6582,1
6583,1
6584,1
6585,0
6586,1
6587,0
6588,0
6589,1
6590,1
6591,1
6592,0
6593,1
6594,1
6595,1
6596,0
6597,0
6598,0
6599,0
6600,1
6601,0
6602,0
6603,1
6604,0
6605,1
6606,0
6607,0
6608,1
6609,1
6610,1
6611,1
6612,0
6613,0
6614,1
6615,0
6616,1
6617,0
6618,0
6619,1
6620,0
6621,0
6622,1
6623,0
6624,0
6625,1
6626,0
6627,1
6628,1
6629,0
6630,0
6631,1
6632,1
6633,0
6634,1
6635,1
6636,0
6637,0
6638,0
6639,0
6640,1
6641,1
6642,0
6643,1
6644,0
6645,0
6646,0
6647,0
6648,1
6649,1
6650,1
6651,0
6652,0
6653,1
6654,1
6655,0
6656,0
6657,0
6658,1
6659,0
6660,1
6661,1
6662,1
6663,0
6664,0
6665,1
6666,0
6667,0
6668,0
6669,0
6670,0
6671,1
6672,0
6673,0
6674,1
6675,1
6676,1
6677,0
6678,0
6679,0
6680,0
6681,1
6682,1
6683,0
6684,1
6685,0
6686,1
6687,1
6688,0
6689,0
6690,0
6691,1
6692,1
6693,0
6694,0
6695,1
6696,1
6697,1
6698,1
6699,1
6700,0
6701,1
6702,0
6703,1
6704,0
6705,1
6706,0
6707,1
6708,0
6709,1
6710,0
6711,0
6712,1
6713,0
6714,0
6715,0
6716,0
6717,0
6718,0
6719,1
6720,1
6721,1
6722,0
6723,0
6724,1
6725,0
6726,1
6727,0
6728,0
6729,1
6730,0
6731,1
6732,0
6733,0
6734,1
6735,1
6736,0
6737,1
6738,1
6739,0
6740,1
6741,1
6742,1
6743,0
6744,1
6745,1
6746,1
6747,0
6748,1
6749,1
6750,0
6751,0
6752,1
6753,0
6754,0
6755,0
6756,0
6757,1
6758,0
6759,0
6760,1
6761,1
6762,0
6763,1
6764,0
6765,0
6766,1
6767,1
6768,1
6769,0
6770,0
6771,0
6772,1
6773,1
6774,1
6775,1
6776,0
6777,0
6778,0
6779,1
6780,1
6781,0
6782,1
6783,0
6784,0
6785,0
6786,1
6787,1
6788,0
6789,0
6790,0
6791,0
6792,0
6793,0
6794,0
6795,1
6796,1
6797,1
6798,0
6799,1
6800,1
6801,1
6802,0
6803,1
6804,1
6805,1
6806,0
6807,1
6808,1
6809,1
6810,0
6811,1
6812,0
6813,0
6814,0
6815,0
6816,1
6817,1
6818,1
6819,0
6820,1
6821,1
6822,1
6823,0
6824,1
6825,1
6826,1
6827,1
6828,0
6829,0
6830,0
6831,0
6832,0
6833,1
6834,1
6835,0
6836,1
6837,1
6838,1
6839,0
6840,1
6841,0
6842,1
6843,0
6844,1
6845,1
6846,1
6847,1
6848,1
6849,0
6850,0
6851,1
6852,0
6853,0
6854,0
6855,1
6856,1
6857,1
6858,0
6859,1
6860,1
6861,0
6862,1
6863,1
6864,1
6865,0
6866,1
6867,0
6868,0
6869,1
6870,0
6871,0
6872,0
6873,1
6874,1
6875,1
6876,1
6877,1
6878,0
6879,0
6880,1
6881,1
6882,0
6883,1
6884,0
6885,1
6886,1
6887,1
6888,0
6889,0
6890,0
6891,0
6892,1
6893,0
6894,1
6895,0
6896,0
6897,0
6898,0
6899,1
6900,0
6901,1
6902,0
6903,1
6904,0
6905,1
6906,1
6907,0
6908,0
6909,0
6910,0
6911,0
6912,1
6913,1
6914,0
6915,1
6916,0
6917,0
6918,1
6919,1
6920,0
6921,1
6922,1
6923,1
6924,1
6925,0
6926,0
6927,1
6928,0
6929,1
6930,1
6931,1
6932,0
6933,0
6934,1
6935,0
6936,0
6937,1
6938,1
6939,0
6940,1
6941,1
6942,0
6943,1
6944,0
6945,0
6946,0
6947,1
6948,0
6949,1
6950,0
6951,0
6952,0
6953,0
6954,1
6955,1
6956,1
6957,0
6958,0
6959,1
6960,1
6961,1
6962,0
6963,1
6964,0
6965,0
6966,1
6967,1
6968,1
6969,1
6970,0
6971,0
6972,1
6973,0
6974,1
6975,1
6976,1
6977,1
6978,0
6979,1
6980,1
6981,0
6982,0
6983,0
6984,1
6985,1
6986,1
6987,1
6988,1
6989,0
6990,1
6991,1
6992,1
6993,0
6994,0
6995,0
6996,1
6997,1
6998,0
6999,1
7000,0
7001,1
7002,0
7003,1
7004,1
7005,1
7006,1
7007,1
7008,0
7009,0
7010,1
7011,1
7012,0
7013,1
7014,0
7015,1
7016,1
7017,1
7018,0
7019,1
7020,1
7021,0
7022,1
7023,1
7024,0
7025,0
7026,1
7027,1
7028,1
7029,1
7030,0
7031,0
7032,0
7033,0
7034,1
7035,0
7036,0
7037,1
7038,0
7039,0
7040,1
7041,1
7042,1
7043,0
7044,1
7045,1
7046,1
7047,0
7048,1
7049,1
7050,1
7051,0
7052,0
7053,1
7054,1
7055,0
7056,0
7057,0
7058,0
7059,0
7060,1
7061,1
7062,0
7063,1
7064,0
7065,1
7066,1
7067,1
7068,1
7069,0
7070,0
7071,1
7072,1
7073,1
7074,1
7075,0
7076,1
7077,1
7078,0
7079,0
7080,0
7081,1
7082,0
7083,0
7084,0
7085,1
7086,0
7087,0
7088,1
7089,1
7090,1
7091,0
7092,1
7093,1
7094,0
7095,1
7096,1
7097,1
7098,1
7099,1
7100,1
7101,0
7102,0
7103,1
7104,0
7105,0
7106,0
7107,1
7108,0
7109,1
7110,0
7111,0
7112,0
7113,0
7114,1
7115,1
7116,0
7117,0
7118,1
7119,1
7120,1
7121,0
7122,0
7123,1
7124,1
7125,1
7126,1
7127,0
7128,1
7129,1
7130,1
7131,0
7132,1
7133,1
7134,1
7135,0
7136,1
7137,1
7138,1
7139,1
7140,0
7141,0
7142,1
7143,1
7144,0
7145,1
7146,0
7147,0
7148,1
7149,0
7150,1
7151,1
7152,1
7153,1
7154,1
7155,1
7156,0
7157,0
7158,0
7159,1
7160,1
7161,0
7162,0
7163,1
7164,0
7165,1
7166,1
7167,1
7168,0
7169,1
7170,0
7171,0
7172,1
7173,1
7174,1
7175,0
7176,1
7177,0
7178,0
7179,1
7180,0
7181,0
7182,1
7183,1
7184,0
7185,1
7186,1
7187,0
7188,1
7189,0
7190,1
7191,0
7192,1
7193,1
7194,1
7195,0
7196,1
7197,1
7198,0
7199,1
7200,1
7201,0
7202,0
7203,0
7204,0
7205,1
7206,0
7207,0
7208,1
7209,0
7210,0
7211,0
7212,0
7213,1
7214,1
7215,0
7216,1
7217,1
7218,0
7219,0
7220,0
7221,1
7222,1
7223,1
7224,0
7225,0
7226,1
7227,1
7228,1
7229,1
7230,0
7231,0
7232,0
7233,1
7234,1
7235,1
7236,0
7237,1
7238,1
7239,0
7240,1
7241,0
7242,1
7243,0
7244,1
7245,1
7246,0
7247,0
7248,0
7249,0
7250,0
7251,0
7252,0
7253,0
7254,0
7255,0
7256,1
7257,0
7258,0
7259,1
7260,1
7261,0
7262,1
7263,1
7264,1
7265,1
7266,1
7267,1
7268,1
7269,0
7270,1
7271,1
7272,0
7273,0
7274,0
7275,0
7276,1
7277,1
7278,1
7279,1
7280,1
7281,1
7282,0
7283,0
7284,1
7285,1
7286,0
7287,0
7288,0
7289,1
7290,1
7291,1
7292,1
7293,1
7294,1
7295,1
7296,1
7297,0
7298,0
7299,1
7300,0
7301,0
7302,0
7303,1
7304,0
7305,1
7306,1
7307,1
7308,0
7309,0
7310,1
7311,1
7312,0
7313,0
7314,1
7315,1
7316,1
7317,1
7318,0
7319,1
7320,0
7321,0
7322,1
7323,1
7324,0
7325,0
7326,0
7327,0
7328,1
7329,0
7330,0
7331,1
7332,0
7333,1
7334,1
7335,0
7336,0
7337,1
7338,0
7339,1
7340,1
7341,1
7342,0
7343,0
7344,1
7345,1
7346,1
7347,0
7348,1
7349,0
7350,0
7351,0
7352,1
7353,0
7354,0
7355,1
7356,0
7357,0
7358,0
7359,0
7360,1
7361,0
7362,0
7363,0
7364,0
7365,0
7366,0
7367,0
7368,0
7369,1
7370,1
7371,1
7372,0
7373,1
7374,0
7375,0
7376,1
7377,0
7378,0
7379,0
7380,1
7381,0
7382,1
7383,1
7384,1
7385,1
7386,1
7387,1
7388,1
7389,0
7390,1
7391,0
7392,1
7393,1
7394,1
7395,1
7396,0
7397,0
7398,0
7399,1
7400,1
7401,1
7402,1
7403,1
7404,0
7405,1
7406,1
7407,1
7408,1
7409,0
7410,0
7411,0
7412,1
7413,1
7414,1
7415,1
7416,0
7417,1
7418,0
7419,0
7420,0
7421,1
7422,1
7423,1
7424,0
7425,0
7426,1
7427,1
7428,1
7429,0
7430,0
7431,0
7432,1
7433,0
7434,0
7435,1
7436,1
7437,1
7438,0
7439,1
7440,1
7441,1
7442,1
7443,1
7444,1
7445,1
7446,0
7447,0
7448,0
7449,0
7450,1
7451,1
7452,0
7453,0
7454,0
7455,1
7456,1
7457,0
7458,0
7459,1
7460,1
7461,0
7462,0
7463,1
7464,0
7465,0
7466,1
7467,0
7468,1
7469,1
7470,1
7471,1
7472,1
7473,0
7474,1
7475,1
7476,1
7477,0
7478,1
7479,0
7480,0
7481,0
7482,0
7483,1
7484,0
7485,0
7486,1
7487,0
7488,1
7489,0
7490,1
7491,0
7492,1
7493,1
7494,1
7495,1
7496,1
7497,1
7498,1
7499,0
7500,1
7501,1
7502,1
7503,0
7504,1
7505,0
7506,1
7507,1
7508,1
7509,1
7510,1
7511,1
7512,1
7513,1
7514,0
7515,0
7516,1
7517,1
7518,1
7519,0
7520,0
7521,1
7522,1
7523,0
7524,1
7525,1
7526,1
7527,1
7528,1
7529,0
7530,1
7531,1
7532,0
7533,1
7534,1
7535,1
7536,1
7537,1
7538,1
7539,0
7540,0
7541,0
7542,1
7543,0
7544,0
7545,0
7546,0
7547,1
7548,1
7549,1
7550,0
7551,1
7552,0
7553,0
7554,0
7555,0
7556,1
7557,0
7558,1
7559,0
7560,1
7561,0
7562,1
7563,0
7564,1
7565,1
7566,0
7567,0
7568,0
7569,0
7570,0
7571,0
7572,0
7573,1
7574,0
7575,0
7576,0
7577,1
7578,1
7579,0
7580,1
7581,1
7582,1
7583,1
7584,1
7585,0
7586,0
7587,0
7588,0
7589,1
7590,1
7591,1
7592,1
7593,1
7594,1
7595,1
7596,0
7597,0
7598,0
7599,1
7600,1
7601,0
7602,1
7603,1
7604,0
7605,0
7606,1
7607,0
7608,0
7609,0
7610,1
7611,1
7612,1
7613,1
7614,1
7615,0
7616,0
7617,1
7618,1
7619,1
7620,1
7621,0
7622,1
7623,1
7624,0
7625,0
7626,1
7627,0
7628,0
7629,0
7630,0
7631,1
7632,1
7633,1
7634,1
7635,1
7636,1
7637,0
7638,0
7639,1
7640,1
7641,0
7642,1
7643,1
7644,0
7645,0
7646,1
7647,0
7648,0
7649,1
7650,0
7651,0
7652,1
7653,1
7654,1
7655,0
7656,0
7657,1
7658,1
7659,0
7660,0
7661,1
7662,0
7663,1
7664,0
7665,1
7666,0
7667,0
7668,1
7669,0
7670,0
7671,1
7672,0
7673,1
7674,1
7675,0
7676,1
7677,0
7678,1
7679,1
7680,1
7681,0
7682,0
7683,0
7684,0
7685,0
7686,1
7687,1
7688,0
7689,0
7690,1
7691,0
7692,1
7693,0
7694,1
7695,1
7696,1
7697,1
7698,0
7699,1
7700,0
7701,0
7702,0
7703,1
7704,1
7705,0
7706,1
7707,0
7708,1
7709,0
7710,1
7711,0
7712,0
7713,0
7714,1
7715,1
7716,1
7717,1
7718,1
7719,0
7720,0
7721,1
7722,0
7723,1
7724,0
7725,0
7726,0
7727,1
7728,0
7729,1
7730,0
7731,1
7732,1
7733,0
7734,1
7735,0
7736,0
7737,1
7738,1
7739,0
7740,1
7741,0
7742,0
7743,1
7744,0
7745,0
7746,1
7747,0
7748,1
7749,1
7750,1
7751,1
7752,1
7753,0
7754,1
7755,1
7756,1
7757,1
7758,1
7759,1
7760,1
7761,0
7762,1
7763,0
7764,1
7765,1
7766,0
7767,0
7768,0
7769,1
7770,1
7771,0
7772,0
7773,0
7774,1
7775,0
7776,1
7777,0
7778,1
7779,1
7780,0
7781,0
7782,1
7783,1
7784,0
7785,1
7786,0
7787,0
7788,1
7789,0
7790,1
7791,1
7792,0
7793,0
7794,1
7795,0
7796,0
7797,0
7798,0
7799,0
7800,0
7801,0
7802,1
7803,0
7804,0
7805,1
7806,1
7807,0
7808,0
7809,1
7810,0
7811,0
7812,0
7813,0
7814,0
7815,0
7816,0
7817,1
7818,1
7819,1
7820,0
7821,0
7822,1
7823,0
7824,1
7825,1
7826,1
7827,1
7828,0
7829,1
7830,0
7831,1
7832,0
7833,0
7834,1
7835,1
7836,0
7837,1
7838,1
7839,1
7840,1
7841,1
7842,0
7843,0
7844,1
7845,1
7846,1
7847,0
7848,1
7849,1
7850,1
7851,0
7852,0
7853,1
7854,0
7855,0
7856,0
7857,1
7858,0
7859,1
7860,0
7861,1
7862,1
7863,0
7864,1
7865,1
7866,0
7867,0
7868,1
7869,1
7870,0
7871,0
7872,1
7873,0
7874,0
7875,1
7876,0
7877,0
7878,0
7879,0
7880,1
7881,0
7882,0
7883,0
7884,0
7885,1
7886,1
7887,0
7888,0
7889,0
7890,0
7891,1
7892,1
7893,0
7894,0
7895,1
7896,1
7897,0
7898,0
7899,1
7900,1
7901,0
7902,1
7903,0
7904,1
7905,1
7906,0
7907,0
7908,0
7909,0
7910,1
7911,0
7912,0
7913,0
7914,0
7915,1
7916,1
7917,1
7918,1
7919,1
7920,1
7921,0
7922,0
7923,0
7924,0
7925,0
7926,0
7927,1
7928,0
7929,0
7930,1
7931,1
7932,0
7933,1
7934,1
7935,1
7936,1
7937,0
7938,0
7939,1
7940,1
7941,0
7942,1
7943,0
7944,0
7945,1
7946,0
7947,1
7948,1
7949,1
7950,0
7951,1
7952,1
7953,1
7954,0
7955,1
7956,0
7957,0
7958,1
7959,1
7960,0
7961,0
7962,0
7963,1
7964,0
7965,1
7966,0
7967,1
7968,1
7969,1
7970,1
7971,1
7972,0
7973,0
7974,1
7975,0
7976,0
7977,0
7978,1
7979,0
7980,0
7981,1
7982,0
7983,1
7984,0
7985,0
7986,1
7987,1
7988,1
7989,0
7990,0
7991,1
7992,0
7993,0
7994,1
7995,0
7996,1
7997,0
7998,0
7999,0
8000,0
8001,1
8002,0
8003,1
8004,0
8005,0
8006,1
8007,1
8008,1
8009,0
8010,1
8011,0
8012,1
8013,1
8014,1
8015,0
8016,0
8017,1
8018,0
8019,0
8020,0
8021,1
8022,1
8023,1
8024,1
8025,1
8026,0
8027,1
8028,0
8029,0
8030,1
8031,0
8032,0
8033,0
8034,1
8035,0
8036,0
8037,0
8038,0
8039,0
8040,1
8041,0
8042,0
8043,0
8044,0
8045,0
8046,1
8047,0
8048,1
8049,0
8050,1
8051,1
8052,1
8053,1
8054,1
8055,0
8056,0
8057,0
8058,0
8059,1
8060,0
8061,0
8062,0
8063,1
8064,0
8065,1
8066,1
8067,0
8068,1
8069,1
8070,1
8071,1
8072,1
8073,0
8074,1
8075,1
8076,0
8077,1
8078,1
8079,1
8080,1
8081,0
8082,1
8083,1
8084,0
8085,1
8086,1
8087,1
8088,1
8089,1
8090,1
8091,1
8092,1
8093,1
8094,1
8095,0
8096,1
8097,1
8098,1
8099,0
8100,0
8101,0
8102,1
8103,0
8104,1
8105,0
8106,1
8107,0
8108,1
8109,0
8110,1
8111,0
8112,0
8113,1
8114,1
8115,1
8116,1
8117,1
8118,1
8119,0
8120,1
8121,0
8122,1
8123,1
8124,1
8125,0
8126,1
8127,1
8128,0
8129,1
8130,0
8131,0
8132,1
8133,1
8134,0
8135,0
8136,0
8137,1
8138,0
8139,1
8140,1
8141,1
8142,0
8143,1
8144,1
8145,0
8146,1
8147,0
8148,0
8149,1
8150,0
8151,1
8152,0
8153,0
8154,1
8155,1
8156,0
8157,1
8158,0
8159,1
8160,0
8161,1
8162,1
8163,1
8164,1
8165,0
8166,1
8167,0
8168,1
8169,1
8170,1
8171,1
8172,0
8173,0
8174,1
8175,1
8176,0
8177,1
8178,0
8179,0
8180,1
8181,1
8182,0
8183,0
8184,1
8185,0
8186,1
8187,0
8188,0
8189,1
8190,1
8191,0
8192,1
8193,1
8194,0
8195,1
8196,1
8197,0
8198,1
8199,0
8200,0
8201,0
8202,1
8203,1
8204,1
8205,0
8206,0
8207,1
8208,1
8209,1
8210,0
8211,1
8212,0
8213,1
8214,1
8215,0
8216,1
8217,0
8218,1
8219,0
8220,1
8221,1
8222,0
8223,1
8224,0
8225,1
8226,0
8227,0
8228,0
8229,1
8230,0
8231,0
8232,1
8233,1
8234,1
8235,1
8236,1
8237,0
8238,0
8239,1
8240,1
8241,1
8242,0
8243,1
8244,1
8245,1
8246,0
8247,1
8248,1
8249,1
8250,0
8251,1
8252,0
8253,0
8254,0
8255,1
8256,0
8257,0
8258,1
8259,1
8260,1
8261,1
8262,0
8263,0
8264,1
8265,1
8266,0
8267,1
8268,0
8269,0
8270,0
8271,1
8272,1
8273,1
8274,1
8275,0
8276,1
8277,1
8278,0
8279,1
8280,1
8281,0
8282,1
8283,1
8284,1
8285,1
8286,1
8287,0
8288,1
8289,1
8290,0
8291,1
8292,0
8293,0
8294,0
8295,0
8296,0
8297,0
8298,0
8299,0
8300,1
8301,1
8302,1
8303,1
8304,0
8305,0
8306,1
8307,1
8308,1
8309,1
8310,1
8311,1
8312,0
8313,0
8314,0
8315,0
8316,1
8317,0
8318,1
8319,0
8320,1
8321,0
8322,0
8323,0
8324,0
8325,0
8326,0
8327,1
8328,0
8329,1
8330,1
8331,0
8332,1
8333,1
8334,0
8335,1
8336,0
8337,1
8338,1
8339,1
8340,1
8341,1
8342,0
8343,1
8344,0
8345,1
8346,0
8347,0
8348,0
8349,1
8350,1
8351,1
8352,1
8353,1
8354,1
8355,1
8356,1
8357,1
8358,0
8359,0
8360,0
8361,1
8362,0
8363,1
8364,0
8365,0
8366,0
8367,0
8368,1
8369,0
8370,1
8371,1
8372,1
8373,1
8374,1
8375,1
8376,0
8377,1
8378,0
8379,0
8380,0
8381,0
8382,0
8383,0
8384,0
8385,0
8386,0
8387,0
8388,1
8389,1
8390,0
8391,1
8392,0
8393,1
8394,1
8395,0
8396,1
8397,0
8398,0
8399,0
8400,1
8401,1
8402,0
8403,0
8404,0
8405,0
8406,0
8407,1
8408,1
8409,1
8410,1
8411,1
8412,1
8413,1
8414,0
8415,0
8416,1
8417,0
8418,0
8419,1
8420,1
8421,1
8422,0
8423,0
8424,1
8425,0
8426,1
8427,0
8428,0
8429,0
8430,1
8431,0
8432,0
8433,0
8434,1
8435,1
8436,0
8437,1
8438,1
8439,0
8440,1
8441,0
8442,1
8443,0
8444,0
8445,1
8446,0
8447,0
8448,0
8449,1
8450,1
8451,0
8452,1
8453,0
8454,0
8455,1
8456,0
8457,1
8458,0
8459,1
8460,1
8461,0
8462,0
8463,1
8464,1
8465,0
8466,0
8467,0
8468,1
8469,0
8470,1
8471,0
8472,1
8473,1
8474,0
8475,1
8476,0
8477,1
8478,1
8479,0
8480,0
8481,1
8482,0
8483,1
8484,0
8485,0
8486,0
8487,1
8488,0
8489,0
8490,1
8491,0
8492,0
8493,1
8494,1
8495,1
8496,1
8497,0
8498,0
8499,0
8500,0
8501,0
8502,1
8503,0
8504,1
8505,0
8506,0
8507,0
8508,1
8509,0
8510,1
8511,1
8512,0
8513,1
8514,1
8515,0
8516,0
8517,0
8518,1
8519,1
8520,1
8521,0
8522,1
8523,0
8524,1
8525,1
8526,1
8527,0
8528,1
8529,1
8530,0
8531,1
8532,0
8533,1
8534,1
8535,1
8536,1
8537,0
8538,0
8539,0
8540,0
8541,0
8542,0
8543,1
8544,0
8545,1
8546,0
8547,1
8548,1
8549,0
8550,1
8551,1
8552,1
8553,1
8554,0
8555,1
8556,1
8557,1
8558,0
8559,1
8560,1
8561,1
8562,0
8563,1
8564,1
8565,1
8566,0
8567,1
8568,0
8569,1
8570,0
8571,0
8572,0
8573,0
8574,1
8575,1
8576,1
8577,1
8578,1
8579,1
8580,0
8581,1
8582,1
8583,0
8584,1
8585,0
8586,1
8587,0
8588,0
8589,0
8590,0
8591,1
8592,1
8593,1
8594,1
8595,1
8596,0
8597,1
8598,1
8599,0
8600,1
8601,1
8602,1
8603,1
8604,1
8605,1
8606,0
8607,0
8608,0
8609,1
8610,1
8611,1
8612,1
8613,1
8614,1
8615,1
8616,1
8617,0
8618,1
8619,1
8620,1
8621,1
8622,1
8623,0
8624,1
8625,0
8626,0
8627,0
8628,0
8629,0
8630,1
8631,0
8632,0
8633,1
8634,1
8635,0
8636,0
8637,0
8638,0
8639,1
8640,0
8641,1
8642,1
8643,0
8644,0
8645,0
8646,1
8647,0
8648,0
8649,1
8650,1
8651,1
8652,1
8653,1
8654,1
8655,1
8656,1
8657,0
8658,0
8659,0
8660,0
8661,1
8662,0
8663,0
8664,1
8665,1
8666,1
8667,1
8668,1
8669,0
8670,1
8671,0
8672,0
8673,1
8674,1
8675,0
8676,0
8677,0
8678,0
8679,1
8680,1
8681,1
8682,0
8683,0
8684,1
8685,0
8686,1
8687,1
8688,1
8689,1
8690,1
8691,0
8692,1
8693,1
8694,0
8695,0
8696,0
8697,1
8698,0
8699,1
8700,0
8701,1
8702,1
8703,0
8704,1
8705,1
8706,0
8707,1
8708,0
8709,1
8710,1
8711,0
8712,0
8713,1
8714,1
8715,0
8716,1
8717,0
8718,0
8719,0
8720,0
8721,1
8722,0
8723,1
8724,0
8725,1
8726,0
8727,0
8728,0
8729,0
8730,1
8731,0
8732,1
8733,1
8734,0
8735,1
8736,0
8737,1
8738,1
8739,0
8740,0
8741,1
8742,0
8743,0
8744,0
8745,0
8746,1
8747,1
8748,0
8749,1
8750,1
8751,1
8752,1
8753,1
8754,1
8755,1
8756,0
8757,0
8758,1
8759,1
8760,1
8761,0
8762,1
8763,1
8764,1
8765,0
8766,1
8767,1
8768,0
8769,0
8770,0
8771,1
8772,0
8773,0
8774,1
8775,1
8776,1
8777,0
8778,1
8779,1
8780,0
8781,0
8782,0
8783,0
8784,0
8785,1
8786,1
8787,1
8788,1
8789,1
8790,1
8791,1
8792,1
8793,1
8794,1
8795,0
8796,0
8797,1
8798,0
8799,1
8800,0
8801,1
8802,0
8803,1
8804,0
8805,1
8806,1
8807,0
8808,1
8809,0
8810,1
8811,0
8812,0
8813,1
8814,1
8815,0
8816,1
8817,0
8818,0
8819,0
8820,1
8821,1
8822,0
8823,1
8824,1
8825,1
8826,1
8827,0
8828,1
8829,0
8830,1
8831,1
8832,1
8833,0
8834,1
8835,1
8836,1
8837,0
8838,0
8839,0
8840,1
8841,0
8842,0
8843,0
8844,0
8845,0
8846,0
8847,0
8848,0
8849,1
8850,1
8851,0
8852,1
8853,1
8854,0
8855,1
8856,0
8857,1
8858,1
8859,0
8860,1
8861,0
8862,1
8863,0
8864,0
8865,0
8866,1
8867,1
8868,0
8869,1
8870,0
8871,0
8872,1
8873,1
8874,1
8875,1
8876,0
8877,1
8878,0
8879,0
8880,0
8881,1
8882,1
8883,1
8884,0
8885,0
8886,1
8887,0
8888,1
8889,1
8890,0
8891,1
8892,0
8893,0
8894,0
8895,1
8896,1
8897,0
8898,0
8899,1
8900,0
8901,0
8902,0
8903,0
8904,1
8905,0
8906,1
8907,0
8908,1
8909,0
8910,1
8911,1
8912,0
8913,1
8914,1
8915,1
8916,1
8917,0
8918,0
8919,0
8920,0
8921,0
8922,1
8923,1
8924,1
8925,1
8926,1
8927,1
8928,1
8929,0
8930,1
8931,1
8932,0
8933,0
8934,1
8935,1
8936,1
8937,1
8938,1
8939,1
8940,0
8941,1
8942,1
8943,0
8944,0
8945,1
8946,0
8947,1
8948,0
8949,1
8950,1
8951,0
8952,1
8953,0
8954,0
8955,0
8956,1
8957,1
8958,0
8959,0
8960,0
8961,1
8962,0
8963,0
8964,1
8965,0
8966,0
8967,0
8968,0
8969,1
8970,1
8971,0
8972,0
8973,1
8974,1
8975,1
8976,1
8977,0
8978,0
8979,1
8980,1
8981,1
8982,0
8983,1
8984,1
8985,1
8986,1
8987,1
8988,0
8989,1
8990,0
8991,0
8992,1
8993,1
8994,1
8995,1
8996,0
8997,1
8998,0
8999,0
9000,0
9001,0
9002,1
9003,1
9004,1
9005,0
9006,1
9007,1
9008,1
9009,0
9010,1
9011,1
9012,1
9013,1
9014,1
9015,0
9016,1
9017,1
9018,1
9019,0
9020,1
9021,0
9022,1
9023,0
9024,1
9025,1
9026,1
9027,0
9028,0
9029,1
9030,1
9031,1
9032,1
9033,1
9034,1
9035,0
9036,1
9037,1
9038,1
9039,1
9040,1
9041,0
9042,0
9043,1
9044,1
9045,1
9046,0
9047,0
9048,0
9049,1
9050,0
9051,0
9052,1
9053,1
9054,0
9055,1
9056,1
9057,1
9058,0
9059,0
9060,1
9061,0
9062,1
9063,0
9064,1
9065,1
9066,1
9067,0
9068,0
9069,0
9070,1
9071,1
9072,1
9073,1
9074,0
9075,1
9076,1
9077,0
9078,1
9079,0
9080,0
9081,1
9082,1
9083,0
9084,0
9085,0
9086,1
9087,1
9088,1
9089,0
9090,1
9091,1
9092,1
9093,0
9094,0
9095,1
9096,1
9097,1
9098,0
9099,0
9100,1
9101,0
9102,1
9103,1
9104,1
9105,1
9106,0
9107,1
9108,1
9109,1
9110,0
9111,0
9112,0
9113,1
9114,1
9115,1
9116,1
9117,1
9118,1
9119,0
9120,1
9121,1
9122,0
9123,1
9124,0
9125,0
9126,1
9127,1
9128,0
9129,1
9130,1
9131,1
9132,1
9133,0
9134,1
9135,1
9136,1
9137,0
9138,0
9139,0
9140,1
9141,1
9142,0
9143,1
9144,0
9145,0
9146,0
9147,0
9148,1
9149,1
9150,1
9151,1
9152,1
9153,1
9154,0
9155,1
9156,0
9157,0
9158,1
9159,1
9160,1
9161,0
9162,0
9163,1
9164,1
9165,1
9166,0
9167,1
9168,0
9169,0
9170,1
9171,1
9172,1
9173,0
9174,0
9175,0
9176,0
9177,1
9178,0
9179,1
9180,0
9181,1
9182,0
9183,0
9184,1
9185,1
9186,1
9187,1
9188,0
9189,1
9190,0
9191,0
9192,0
9193,1
9194,0
9195,1
9196,0
9197,1
9198,1
9199,1
9200,1
9201,1
9202,1
9203,1
9204,0
9205,0
9206,1
9207,1
9208,0
9209,1
9210,0
9211,1
9212,1
9213,1
9214,0
9215,1
9216,0
9217,0
9218,1
9219,0
9220,1
9221,1
9222,1
9223,0
9224,1
9225,0
9226,0
9227,1
9228,0
9229,1
9230,0
9231,0
9232,1
9233,1
9234,1
9235,1
9236,1
9237,0
9238,0
9239,1
9240,0
9241,0
9242,0
9243,0
9244,0
9245,1
9246,1
9247,1
9248,1
9249,0
9250,0
9251,1
9252,0
9253,0
9254,0
9255,1
9256,0
9257,1
9258,0
9259,1
9260,1
9261,1
9262,0
9263,0
9264,0
9265,0
9266,1
9267,1
9268,0
9269,1
9270,1
9271,0
9272,1
9273,1
9274,1
9275,1
9276,1
9277,0
9278,1
9279,0
9280,1
9281,1
9282,0
9283,0
9284,1
9285,0
9286,0
9287,1
9288,1
9289,1
9290,0
9291,1
9292,1
9293,1
9294,1
9295,1
9296,1
9297,1
9298,0
9299,0
9300,1
9301,1
9302,1
9303,0
9304,1
9305,1
9306,0
9307,1
9308,0
9309,1
9310,0
9311,1
9312,0
9313,1
9314,0
9315,1
9316,0
9317,1
9318,1
9319,1
9320,0
9321,0
9322,0
9323,0
9324,1
9325,0
9326,1
9327,1
9328,0
9329,0
9330,1
9331,0
9332,1
9333,1
9334,0
9335,1
9336,1
9337,0
9338,1
9339,1
9340,0
9341,0
9342,1
9343,1
9344,0
9345,0
9346,0
9347,0
9348,1
9349,1
9350,0
9351,1
9352,0
9353,1
9354,1
9355,0
9356,0
9357,1
9358,0
9359,0
9360,0
9361,0
9362,0
9363,0
9364,0
9365,1
9366,0
9367,0
9368,1
9369,1
9370,0
9371,0
9372,1
9373,1
9374,0
9375,0
9376,1
9377,0
9378,1
9379,1
9380,1
9381,1
9382,0
9383,1
9384,1
9385,0
9386,1
9387,0
9388,0
9389,0
9390,1
9391,1
9392,0
9393,0
9394,0
9395,1
9396,1
9397,1
9398,1
9399,1
9400,1
9401,0
9402,0
9403,1
9404,1
9405,0
9406,0
9407,1
9408,1
9409,0
9410,1
9411,1
9412,1
9413,0
9414,0
9415,1
9416,1
9417,1
9418,0
9419,0
9420,1
9421,1
9422,1
9423,0
9424,0
9425,1
9426,0
9427,1
9428,0
9429,1
9430,1
9431,0
9432,1
9433,1
9434,0
9435,1
9436,0
9437,1
9438,0
9439,0
9440,0
9441,0
9442,0
9443,1
9444,1
9445,1
9446,0
9447,1
9448,1
9449,1
9450,1
9451,0
9452,1
9453,0
9454,1
9455,0
9456,1
9457,1
9458,1
9459,0
9460,1
9461,1
9462,0
9463,1
9464,1
9465,0
9466,0
9467,1
9468,0
9469,0
9470,1
9471,1
9472,0
9473,0
9474,0
9475,1
9476,0
9477,0
9478,1
9479,1
9480,1
9481,1
9482,0
9483,1
9484,0
9485,1
9486,1
9487,1
9488,0
9489,0
9490,1
9491,1
9492,1
9493,1
9494,1
9495,0
9496,1
9497,1
9498,1
9499,0
9500,1
9501,0
9502,0
9503,1
9504,1
9505,0
9506,1
9507,1
9508,1
9509,1
9510,1
9511,0
9512,0
9513,0
9514,0
9515,1
9516,0
9517,1
9518,1
9519,1
9520,0
9521,1
9522,0
9523,1
9524,1
9525,1
9526,0
9527,1
9528,1
9529,0
9530,0
9531,0
9532,1
9533,1
9534,1
9535,0
9536,0
9537,1
9538,0
9539,1
9540,1
9541,0
9542,0
9543,0
9544,0
9545,1
9546,1
9547,1
9548,0
9549,1
9550,1
9551,1
9552,1
9553,0
9554,0
9555,0
9556,1
9557,1
9558,1
9559,1
9560,0
9561,1
9562,1
9563,1
9564,0
9565,1
9566,0
9567,1
9568,1
9569,1
9570,0
9571,0
9572,0
9573,0
9574,1
9575,1
9576,0
9577,1
9578,1
9579,1
9580,0
9581,1
9582,0
9583,1
9584,0
9585,0
9586,0
9587,1
9588,0
9589,0
9590,0
9591,1
9592,1
9593,1
9594,0
9595,0
9596,1
9597,1
9598,0
9599,1
9600,1
9601,1
9602,0
9603,0
9604,1
9605,1
9606,1
9607,0
9608,1
9609,1
9610,0
9611,1
9612,0
9613,0
9614,0
9615,1
9616,1
9617,1
9618,1
9619,0
9620,0
9621,1
9622,0
9623,1
9624,0
9625,0
9626,1
9627,0
9628,1
9629,0
9630,0
9631,0
9632,1
9633,1
9634,1
9635,1
9636,0
9637,1
9638,1
9639,0
9640,1
9641,1
9642,0
9643,0
9644,1
9645,1
9646,1
9647,0
9648,0
9649,1
9650,0
9651,1
9652,1
9653,0
9654,0
9655,0
9656,0
9657,0
9658,1
9659,1
9660,0
9661,1
9662,1
9663,1
9664,0
9665,0
9666,0
9667,1
9668,0
9669,1
9670,1
9671,1
9672,1
9673,1
9674,1
9675,0
9676,0
9677,1
9678,1
9679,0
9680,1
9681,1
9682,1
9683,1
9684,1
9685,1
9686,1
9687,1
9688,0
9689,0
9690,1
9691,1
9692,1
9693,1
9694,1
9695,1
9696,0
9697,0
9698,1
9699,0
9700,1
9701,0
9702,1
9703,0
9704,1
9705,1
9706,0
9707,0
9708,0
9709,1
9710,1
9711,0
9712,0
9713,0
9714,1
9715,1
9716,0
9717,1
9718,1
9719,0
9720,1
9721,1
9722,1
9723,0
9724,0
9725,0
9726,1
9727,1
9728,0
9729,1
9730,1
9731,0
9732,1
9733,0
9734,1
9735,1
9736,0
9737,1
9738,0
9739,0
9740,1
9741,1
9742,1
9743,1
9744,1
9745,1
9746,1
9747,0
9748,1
9749,1
9750,0
9751,1
9752,0
9753,0
9754,0
9755,1
9756,0
9757,1
9758,1
9759,1
9760,1
9761,1
9762,0
9763,0
9764,0
9765,0
9766,0
9767,0
9768,0
9769,0
9770,1
9771,0
9772,1
9773,1
9774,1
9775,0
9776,0
9777,1
9778,0
9779,1
9780,0
9781,1
9782,0
9783,1
9784,1
9785,1
9786,1
9787,1
9788,1
9789,0
9790,0
9791,1
9792,0
9793,0
9794,1
9795,1
9796,1
9797,0
9798,0
9799,0
9800,0
9801,0
9802,0
9803,0
9804,1
9805,1
9806,1
9807,1
9808,1
9809,1
9810,0
9811,1
9812,0
9813,0
9814,1
9815,1
9816,1
9817,1
9818,0
9819,1
9820,1
9821,1
9822,1
9823,0
9824,0
9825,1
9826,0
9827,1
9828,1
9829,1
9830,1
9831,0
9832,1
9833,1
9834,0
9835,0
9836,1
9837,0
9838,1
9839,0
9840,0
9841,0
9842,1
9843,1
9844,1
9845,0
9846,1
9847,1
9848,1
9849,0
9850,0
9851,1
9852,1
9853,1
9854,1
9855,0
9856,1
9857,0
9858,1
9859,1
9860,1
9861,1
9862,1
9863,0
9864,0
9865,1
9866,0
9867,0
9868,0
9869,1
9870,1
9871,0
9872,1
9873,1
9874,0
9875,1
9876,0
9877,1
9878,1
9879,1
9880,1
9881,1
9882,1
9883,1
9884,1
9885,0
9886,1
9887,0
9888,1
9889,0
9890,1
9891,0
9892,0
9893,1
9894,1
9895,1
9896,1
9897,1
9898,0
9899,1
9900,0
9901,1
9902,1
9903,1
9904,1
9905,0
9906,0
9907,1
9908,0
9909,0
9910,1
9911,0
9912,1
9913,0
9914,1
9915,0
9916,0
9917,1
9918,0
9919,1
9920,0
9921,1
9922,0
9923,1
9924,1
9925,1
9926,0
9927,1
9928,0
9929,0
9930,1
9931,1
9932,1
9933,0
9934,1
9935,1
9936,1
9937,1
9938,1
9939,1
9940,0
9941,1
9942,1
9943,0
9944,0
9945,0
9946,0
9947,1
9948,1
9949,0
9950,0
9951,1
9952,1
9953,0
9954,1
9955,1
9956,0
9957,1
9958,0
9959,1
9960,0
9961,0
9962,1
9963,0
9964,0
9965,1
9966,0
9967,1
9968,1
9969,1
9970,0
9971,1
9972,1
9973,1
9974,0
9975,0
9976,1
9977,0
9978,1
9979,0
9980,1
9981,0
9982,1
9983,1
9984,0
9985,0
9986,1
9987,0
9988,0
9989,1
9990,0
9991,1
9992,1
9993,1
9994,0
9995,1
9996,1
9997,1
9998,0
9999,0
